#{"t_start": 1541099715.1691604, "env_id": "MicropolisEnv-v0"}
r,l,t
4.0,501,5.807719
0.0,501,10.39323
0.0,501,14.99325
0.0,501,19.700748
0.0,501,24.297086
0.0,501,28.888281
0.0,501,33.520603
0.0,501,38.112568
0.0,501,42.680755
0.0,501,47.341336
0.0,501,52.057263
0.0,501,56.644535
0.0,501,61.199339
0.0,501,65.77027
0.0,501,70.43422
0.0,501,75.084598
0.0,501,79.662768
0.0,501,84.331826
0.0,501,88.977358
0.0,501,93.563501
0.0,501,98.203708
1.0,501,102.870761
0.0,501,108.093677
0.0,501,113.284156
0.0,501,117.852007
0.0,501,122.491024
0.0,501,127.109062
0.0,501,131.710542
1.5,501,136.272854
0.0,501,140.899526
0.0,501,145.476474
1.25,501,150.114151
4.0,501,154.688352
0.0,501,159.309441
4.0,501,163.890288
1.75,501,168.55436
13.5,501,173.185695
28.25,501,177.934685
24.5,501,182.622069
22.75,501,187.251666
29.5,501,192.012622
31.25,501,196.706951
39.75,501,201.532478
34.25,501,206.258405
30.0,501,211.104996
36.5,501,215.875138
6.0,501,220.651896
28.75,501,225.496095
36.25,501,230.400605
34.25,501,235.172165
34.25,501,239.938713
29.5,501,244.700584
31.75,501,249.569634
30.0,501,254.323824
34.5,501,259.119163
32.75,501,263.885771
38.0,501,268.775219
35.25,501,273.565085
36.25,501,278.368149
29.25,501,283.134841
40.5,501,288.018524
38.75,501,293.069822
36.5,501,298.773826
33.25,501,304.333213
34.25,501,310.087542
37.5,501,315.631508
39.5,501,321.149177
35.75,501,326.720403
36.0,501,332.408586
34.0,501,337.901997
32.5,501,343.602376
30.25,501,349.221135
33.0,501,354.89783
30.0,501,360.549591
37.25,501,366.137558
31.5,501,371.594592
35.5,501,376.418496
37.0,501,381.208714
31.75,501,386.042435
34.5,501,390.866701
28.0,501,395.740117
33.0,501,400.492217
31.75,501,405.31846
37.0,501,410.121427
36.0,501,414.896618
0.75,501,419.705846
36.75,501,424.537771
37.5,501,429.278694
37.5,501,434.056044
35.75,501,438.81844
32.0,501,443.77349
34.75,501,448.529775
35.25,501,453.295907
29.75,501,458.061641
32.5,501,462.851508
31.5,501,467.702855
32.5,501,472.487125
27.25,501,477.308951
23.25,501,482.109565
40.75,501,486.874831
37.25,501,491.659389
36.75,501,496.608742
33.25,501,501.485482
35.0,501,506.326848
34.75,501,511.087499
37.0,501,515.916305
36.25,501,520.847559
34.25,501,525.730432
34.25,501,530.63995
32.75,501,535.517159
37.0,501,540.42576
35.75,501,545.316284
36.5,501,550.198061
29.5,501,555.081628
30.75,501,559.964509
32.25,501,564.913352
39.0,501,569.792145
37.75,501,574.816846
32.25,501,579.70093
11.0,501,584.535117
36.5,501,589.447161
36.25,501,594.325533
35.0,501,599.240082
35.5,501,604.095718
32.25,501,608.957558
34.5,501,613.833408
35.0,501,618.739731
42.5,501,623.640511
39.5,501,628.564592
37.25,501,633.478846
39.25,501,638.41376
33.5,501,643.334786
35.25,501,648.198405
31.5,501,653.074988
32.25,501,657.995327
31.75,501,662.872494
38.0,501,667.757046
32.75,501,672.631683
35.0,501,677.552292
16.25,501,682.596313
38.5,501,687.570163
32.5,501,692.527409
30.25,501,697.373342
38.5,501,702.275009
38.25,501,707.132886
34.25,501,711.996292
36.5,501,716.87888
34.75,501,721.740091
38.25,501,726.604047
37.5,501,731.450903
39.75,501,736.354093
35.25,501,741.235565
32.75,501,746.095273
40.75,501,750.997693
33.75,501,755.858531
33.5,501,760.72793
40.0,501,765.605896
35.0,501,770.485375
31.5,501,775.322766
36.25,501,780.199056
37.5,501,785.093936
32.0,501,790.008211
30.5,501,794.834094
30.0,501,799.654571
37.5,501,804.513309
37.75,501,809.38319
39.5,501,814.247048
40.25,501,819.122354
34.5,501,823.987301
38.25,501,828.85776
34.75,501,833.744932
30.75,501,838.681034
34.5,501,843.580015
41.0,501,848.464879
32.75,501,853.340642
33.0,501,858.261113
36.75,501,863.271075
33.0,501,868.180552
31.5,501,873.352691
28.5,501,879.147047
35.0,501,884.799756
36.5,501,889.75604
30.5,501,894.593994
33.25,501,899.453596
34.0,501,904.298591
38.5,501,909.143684
42.5,501,914.024803
37.0,501,918.861281
40.5,501,923.698865
39.0,501,928.569231
34.0,501,933.364486
38.0,501,938.141349
32.0,501,943.015447
39.0,501,947.888455
40.25,501,952.711589
34.25,501,957.554684
37.5,501,962.419015
34.75,501,967.263709
33.5,501,972.08704
34.75,501,976.951579
39.75,501,981.775541
39.75,501,986.571644
33.0,501,991.373677
35.0,501,996.189298
29.5,501,1001.011074
35.5,501,1005.849446
36.5,501,1010.702539
50.25,501,1015.578854
72.75,501,1020.335421
33.75,501,1025.122147
87.5,501,1029.973118
41.5,501,1034.764314
65.0,501,1039.584724
83.25,501,1044.316143
69.5,501,1049.044684
50.75,501,1053.800803
63.75,501,1058.616005
41.5,501,1063.434575
46.25,501,1068.227279
31.25,501,1073.030365
58.25,501,1077.762887
55.0,501,1082.508288
62.0,501,1087.312259
69.0,501,1092.097626
65.0,501,1096.840962
64.0,501,1101.616042
62.75,501,1106.357538
55.25,501,1111.123317
52.5,501,1115.943813
76.75,501,1120.738245
55.25,501,1125.487145
53.75,501,1130.209388
36.25,501,1134.932878
68.75,501,1139.709553
72.25,501,1144.535023
87.75,501,1149.377635
74.5,501,1154.188129
80.5,501,1158.992895
64.75,501,1163.788676
113.25,501,1168.581509
58.25,501,1173.350509
50.5,501,1178.08907
40.5,501,1182.872259
67.5,501,1187.886553
80.5,501,1192.842028
85.75,501,1197.749606
70.75,501,1202.581552
38.75,501,1207.447405
38.5,501,1212.312476
38.0,501,1217.147635
40.5,501,1221.989356
36.75,501,1226.819188
30.5,501,1231.636834
34.25,501,1236.425524
38.25,501,1241.203504
40.5,501,1246.063786
38.25,501,1250.912288
38.75,501,1255.700883
43.0,501,1260.52072
46.75,501,1265.315527
37.25,501,1270.127246
40.25,501,1274.902661
38.25,501,1279.742944
41.0,501,1284.585716
40.25,501,1289.430934
39.25,501,1294.387038
42.0,501,1299.283742
35.5,501,1304.211028
36.75,501,1309.124678
42.75,501,1314.020442
42.75,501,1318.913787
38.75,501,1323.812019
42.25,501,1328.678537
42.0,501,1333.568867
39.75,501,1338.447614
38.5,501,1343.339373
40.25,501,1348.246184
38.5,501,1353.149716
37.0,501,1358.058265
38.5,501,1362.955586
44.5,501,1367.949116
33.5,501,1372.852658
41.5,501,1377.789737
36.5,501,1382.702214
43.5,501,1387.600954
43.25,501,1392.525754
35.5,501,1397.422619
42.25,501,1402.356246
39.5,501,1407.25083
38.5,501,1412.131665
36.0,501,1416.996458
81.25,501,1421.85781
71.0,501,1426.744832
66.25,501,1431.617104
64.0,501,1436.463524
40.25,501,1441.312403
55.25,501,1446.10864
143.75,501,1450.988807
85.5,501,1455.810971
82.25,501,1460.651469
39.75,501,1465.542115
100.75,501,1470.41395
125.0,501,1475.354593
124.75,501,1480.230205
173.25,501,1485.146003
143.0,501,1490.125042
129.25,501,1495.00191
157.5,501,1499.941077
152.75,501,1504.88425
126.0,501,1509.873771
122.75,501,1514.843627
143.75,501,1519.825753
122.75,501,1524.776401
82.0,501,1529.738598
126.5,501,1534.66282
179.25,501,1539.622743
154.5,501,1544.558095
171.75,501,1549.511848
184.5,501,1554.509234
122.5,501,1559.38525
70.0,501,1564.256033
124.0,501,1569.108196
148.75,501,1573.990803
122.5,501,1578.859923
110.0,501,1583.777356
126.5,501,1588.749868
90.0,501,1593.65166
120.0,501,1598.570763
155.25,501,1603.579842
152.0,501,1608.469316
153.0,501,1613.41532
146.0,501,1618.425648
70.0,501,1623.372984
106.75,501,1628.321469
56.0,501,1633.251182
124.75,501,1638.279708
157.5,501,1643.225935
138.0,501,1648.17143
124.0,501,1653.056607
165.5,501,1657.911317
106.25,501,1662.76661
44.0,501,1667.61796
68.5,501,1672.47297
182.75,501,1677.355135
199.25,501,1682.360515
161.25,501,1687.402786
140.5,501,1692.403461
127.5,501,1697.370649
209.25,501,1702.371427
148.0,501,1707.334974
160.0,501,1712.320335
141.25,501,1717.312255
143.25,501,1722.286917
164.0,501,1727.219886
81.5,501,1732.143727
164.75,501,1737.093441
156.75,501,1742.039518
169.5,501,1746.975041
153.75,501,1751.971392
112.0,501,1756.885939
110.25,501,1761.845469
167.75,501,1766.853283
151.5,501,1771.785125
94.25,501,1776.683722
189.0,501,1781.69808
123.0,501,1786.620741
141.75,501,1791.62175
152.5,501,1796.705194
149.25,501,1801.72003
93.0,501,1806.634114
112.75,501,1811.701996
153.5,501,1816.726588
159.5,501,1821.709927
125.25,501,1826.707676
183.5,501,1831.711486
149.25,501,1836.762033
182.25,501,1841.768114
177.0,501,1846.770647
145.75,501,1851.79791
179.0,501,1856.805633
176.25,501,1861.744998
131.0,501,1866.706603
165.75,501,1871.697101
109.0,501,1876.632501
196.0,501,1881.57861
208.0,501,1886.541102
175.25,501,1891.504528
164.25,501,1896.465791
142.75,501,1901.408712
181.25,501,1906.492089
125.0,501,1911.528507
177.0,501,1916.541467
127.5,501,1921.497881
161.25,501,1926.47391
150.0,501,1931.519882
151.25,501,1936.522949
178.5,501,1941.530822
135.75,501,1946.530982
140.0,501,1951.626698
187.0,501,1956.712065
164.0,501,1961.712317
208.0,501,1966.665026
214.0,501,1971.629206
176.25,501,1976.606143
70.75,501,1981.514637
173.75,501,1986.504418
149.5,501,1991.437528
122.75,501,1996.442871
162.5,501,2001.472425
112.75,501,2006.370681
193.25,501,2011.318308
108.0,501,2016.201284
147.25,501,2021.067973
103.0,501,2025.975583
141.0,501,2031.11268
123.0,501,2036.10327
183.5,501,2041.107638
154.5,501,2046.066422
157.0,501,2051.023661
173.25,501,2056.064126
150.25,501,2061.064283
147.75,501,2066.093117
128.0,501,2071.055909
164.75,501,2076.043917
62.0,501,2081.118992
127.75,501,2086.141977
188.0,501,2091.152102
137.25,501,2096.080689
101.25,501,2100.938187
171.0,501,2105.965979
134.25,501,2110.935052
179.0,501,2115.927741
203.75,501,2120.939764
144.75,501,2125.875775
102.0,501,2130.760824
14.0,501,2135.776684
162.0,501,2140.724571
157.0,501,2145.721123
112.75,501,2150.639955
26.25,501,2155.594121
90.0,501,2160.500679
122.75,501,2165.40616
148.75,501,2170.33123
10.0,501,2175.242519
95.0,501,2180.138327
137.5,501,2185.004559
126.75,501,2189.936583
122.75,501,2194.87124
84.0,501,2199.760995
162.5,501,2204.749413
205.0,501,2209.734859
185.0,501,2214.811939
190.75,501,2219.845082
176.0,501,2224.961382
217.25,501,2229.979132
222.0,501,2234.96029
198.0,501,2239.90519
205.25,501,2244.859102
197.0,501,2249.837925
216.0,501,2254.896608
169.5,501,2259.929419
201.75,501,2264.946544
179.5,501,2269.961045
150.0,501,2274.923146
228.0,501,2279.905743
85.75,501,2284.874313
226.0,501,2289.882265
167.5,501,2294.820977
162.75,501,2299.775548
122.5,501,2304.72231
141.0,501,2309.678615
126.25,501,2314.539337
120.0,501,2319.48426
148.5,501,2324.429672
134.0,501,2329.380212
162.0,501,2334.303353
163.0,501,2339.284547
214.0,501,2344.252446
223.0,501,2349.262007
219.25,501,2354.307415
177.5,501,2359.331443
168.25,501,2364.359235
200.0,501,2369.403069
224.0,501,2374.416207
120.0,501,2379.390666
74.25,501,2384.401064
221.25,501,2389.370154
121.0,501,2394.426471
210.0,501,2399.355154
46.0,501,2404.319386
197.25,501,2409.334868
155.25,501,2414.282651
203.25,501,2419.232472
207.0,501,2424.257393
124.0,501,2429.196263
146.75,501,2434.168462
4.75,501,2439.147497
5.0,501,2443.975562
67.0,501,2448.829043
53.25,501,2453.746355
181.25,501,2458.800964
152.75,501,2463.84246
127.0,501,2468.872257
134.75,501,2473.804029
181.5,501,2478.757391
131.0,501,2483.816317
149.5,501,2488.77884
123.75,501,2493.690265
190.5,501,2498.623945
147.0,501,2503.568958
122.0,501,2508.520521
140.75,501,2513.45677
135.5,501,2518.395059
134.75,501,2523.32313
186.5,501,2528.293266
198.75,501,2533.351928
225.5,501,2538.338846
156.75,501,2543.427963
233.25,501,2548.453718
239.25,501,2553.458358
149.25,501,2558.537748
206.75,501,2563.601614
159.5,501,2568.645292
128.0,501,2573.637146
126.25,501,2578.640002
177.5,501,2583.722208
227.0,501,2588.763472
136.25,501,2593.820319
153.25,501,2598.869494
156.25,501,2603.884595
127.75,501,2608.865393
110.25,501,2613.818491
123.25,501,2618.758699
102.0,501,2623.739708
144.75,501,2628.719838
176.0,501,2633.826361
152.0,501,2638.797185
127.25,501,2643.725898
88.75,501,2648.588187
123.75,501,2653.573873
148.75,501,2658.558876
222.75,501,2663.526027
233.75,501,2668.566629
157.75,501,2673.581082
95.0,501,2678.487585
73.25,501,2683.442434
89.75,501,2688.34384
126.0,501,2693.236965
172.25,501,2698.167003
166.75,501,2703.164842
196.0,501,2708.171856
216.25,501,2713.180649
210.75,501,2718.224119
158.75,501,2723.31377
168.5,501,2728.298467
98.0,501,2733.217744
45.75,501,2738.213743
27.75,501,2743.097252
14.0,501,2747.948549
23.25,501,2752.794141
95.5,501,2757.609398
142.0,501,2762.50804
88.25,501,2767.410068
69.25,501,2772.288842
186.25,501,2777.213059
128.25,501,2782.263662
160.0,501,2787.251866
149.75,501,2792.336301
84.0,501,2797.268455
23.0,501,2802.13312
95.5,501,2806.982875
23.0,501,2811.837054
22.0,501,2816.687088
198.5,501,2821.625077
119.0,501,2826.52388
105.5,501,2831.484907
92.75,501,2836.423319
70.0,501,2841.376727
99.5,501,2846.345819
93.75,501,2851.270686
69.0,501,2856.277237
205.75,501,2861.316853
152.5,501,2866.337874
118.5,501,2871.316279
102.5,501,2876.28842
125.75,501,2881.276641
159.5,501,2886.324367
159.5,501,2891.338592
224.5,501,2896.318526
156.0,501,2901.363589
15.5,501,2906.278597
223.5,501,2911.216997
176.0,501,2916.202878
163.5,501,2921.201524
142.75,501,2926.258972
97.75,501,2931.289403
144.5,501,2936.251278
162.5,501,2941.175949
106.5,501,2946.087688
110.0,501,2951.007463
144.0,501,2955.929439
60.0,501,2960.873375
162.0,501,2965.884971
193.5,501,2970.812442
156.0,501,2975.734959
137.25,501,2980.671691
10.0,501,2985.631932
186.0,501,2990.563215
206.5,501,2995.579415
169.0,501,3000.506735
140.25,501,3005.616573
214.0,501,3010.572092
133.25,501,3015.467679
125.25,501,3020.358922
103.25,501,3025.28292
79.5,501,3030.247057
50.0,501,3035.143434
146.0,501,3040.125086
193.5,501,3045.085667
90.0,501,3050.11715
151.0,501,3055.107565
231.75,501,3060.104685
209.75,501,3065.102274
170.75,501,3070.091366
187.0,501,3075.078557
190.0,501,3080.096498
166.0,501,3085.035252
136.0,501,3089.989327
110.0,501,3094.948563
208.5,501,3099.940083
152.0,501,3104.930491
204.0,501,3109.930916
228.0,501,3114.960024
212.0,501,3119.981739
195.25,501,3125.011927
224.0,501,3130.010688
159.25,501,3134.99053
142.0,501,3139.922143
190.25,501,3144.891536
122.0,501,3149.886073
227.0,501,3154.96929
248.0,501,3159.977327
240.0,501,3165.017295
210.25,501,3169.968555
203.0,501,3174.95035
169.0,501,3180.023031
149.75,501,3185.063724
176.25,501,3190.05332
156.25,501,3195.104258
140.0,501,3200.09058
229.0,501,3205.044041
202.0,501,3210.000488
200.25,501,3214.896859
190.5,501,3219.831211
207.5,501,3224.799534
178.5,501,3229.848276
138.0,501,3234.855622
240.0,501,3239.836374
187.25,501,3244.77126
121.0,501,3249.725293
212.0,501,3254.714681
180.75,501,3259.687984
195.5,501,3264.731365
167.0,501,3269.815554
164.5,501,3274.785832
212.5,501,3279.794007
206.0,501,3284.824033
160.0,501,3289.762174
143.25,501,3294.719623
220.75,501,3299.712333
172.5,501,3304.723836
228.0,501,3309.719521
126.0,501,3314.649971
152.0,501,3319.611231
222.0,501,3324.58727
218.0,501,3329.536594
237.0,501,3334.54903
173.25,501,3339.522247
170.0,501,3344.495527
215.75,501,3349.493945
139.5,501,3354.512061
175.25,501,3359.503199
221.5,501,3364.522323
161.25,501,3369.510023
162.5,501,3374.530814
155.0,501,3379.533757
111.75,501,3384.500693
154.0,501,3389.491471
154.0,501,3394.428355
165.5,501,3399.374432
192.5,501,3404.401583
141.75,501,3409.378702
146.0,501,3414.409802
208.5,501,3419.405428
197.25,501,3424.367295
142.0,501,3429.388298
218.25,501,3434.342834
202.0,501,3439.336045
139.25,501,3444.26226
217.5,501,3449.26396
218.0,501,3454.233543
193.5,501,3459.200495
242.0,501,3464.266321
217.5,501,3469.309314
169.0,501,3474.271768
87.0,501,3479.234219
184.25,501,3484.292811
170.5,501,3489.272544
123.0,501,3494.244871
148.75,501,3499.186871
112.25,501,3504.156609
232.75,501,3509.123072
207.5,501,3514.090249
130.5,501,3519.062995
128.5,501,3523.995322
118.0,501,3528.965283
25.75,501,3533.948127
177.0,501,3538.915526
146.0,501,3543.908358
121.75,501,3548.842686
135.0,501,3553.737853
40.0,501,3558.780026
106.25,501,3563.685031
61.0,501,3568.627383
172.0,501,3573.585382
197.25,501,3578.500741
126.0,501,3583.41973
178.0,501,3588.342906
113.0,501,3593.312645
146.0,501,3598.234264
112.0,501,3603.182904
230.0,501,3608.073615
18.0,501,3612.96918
115.0,501,3617.899078
82.75,501,3622.802454
155.0,501,3627.775473
133.75,501,3632.686928
149.25,501,3637.608338
204.0,501,3642.636116
175.25,501,3647.662632
154.0,501,3652.678725
0.0,501,3657.538697
8.0,501,3662.395779
140.0,501,3667.397179
156.5,501,3672.454714
166.0,501,3677.51332
143.5,501,3682.523922
176.25,501,3687.590327
116.0,501,3692.569523
12.0,501,3697.452441
74.75,501,3702.37487
81.25,501,3707.237434
106.25,501,3712.112687
172.5,501,3717.074607
224.25,501,3722.122362
254.0,501,3727.132857
10.0,501,3732.0944
182.0,501,3737.094745
119.0,501,3742.107309
148.0,501,3747.090527
88.5,501,3752.025385
80.75,501,3756.909082
26.25,501,3761.774246
130.5,501,3766.709058
72.0,501,3771.673225
141.25,501,3776.672068
161.75,501,3781.636851
210.0,501,3786.602142
125.0,501,3791.720034
182.0,501,3796.841571
170.5,501,3801.875441
220.0,501,3806.909338
159.75,501,3811.943003
164.0,501,3817.008285
117.5,501,3822.081303
18.5,501,3826.992481
63.25,501,3831.900821
76.5,501,3836.857493
129.75,501,3842.06135
262.0,501,3847.960866
230.75,501,3856.186126
212.25,501,3864.40887
147.0,501,3872.621535
115.0,501,3880.729012
117.25,501,3888.735495
111.75,501,3896.847933
82.75,501,3904.898987
94.75,501,3913.025182
221.25,501,3921.173742
220.25,501,3929.456047
163.25,501,3937.663977
77.25,501,3945.77744
113.25,501,3953.927748
82.25,501,3961.892604
95.75,501,3970.033246
134.75,501,3978.092381
83.5,501,3986.110611
70.75,501,3994.080412
205.0,501,4002.241179
155.25,501,4010.494313
210.0,501,4018.680878
142.0,501,4026.985607
230.25,501,4035.413979
220.75,501,4043.93314
260.0,501,4052.62912
221.25,501,4061.099814
220.0,501,4069.668044
132.75,501,4077.873934
248.0,501,4086.258123
80.0,501,4094.843505
120.5,501,4103.147128
137.25,501,4111.252108
135.25,501,4119.798536
92.25,501,4127.956702
160.0,501,4136.100308
124.0,501,4144.352893
143.5,501,4152.657209
175.25,501,4160.912699
130.0,501,4169.263476
210.0,501,4177.466683
216.5,501,4185.585354
218.0,501,4193.705854
179.75,501,4201.780221
185.5,501,4209.779492
211.5,501,4217.772399
218.5,501,4225.863689
122.0,501,4233.963024
204.75,501,4242.210151
218.5,501,4250.24111
212.0,501,4258.472419
218.0,501,4266.639609
211.0,501,4274.862576
177.75,501,4282.910327
155.75,501,4291.180871
178.0,501,4299.471101
218.0,501,4307.733322
189.5,501,4315.826438
150.0,501,4324.103813
159.5,501,4332.184682
112.25,501,4340.322802
126.25,501,4348.482679
235.5,501,4356.737125
166.0,501,4364.812186
218.75,501,4372.802411
200.75,501,4381.229196
217.0,501,4389.828202
129.25,501,4398.414039
193.5,501,4406.638279
181.5,501,4415.077855
174.5,501,4423.598926
150.5,501,4432.052736
162.0,501,4440.265232
161.5,501,4448.426689
199.0,501,4456.620036
177.5,501,4465.03312
203.75,501,4473.200406
175.25,501,4481.4507
179.5,501,4489.65614
149.25,501,4497.874145
136.5,501,4506.085208
151.25,501,4514.58679
117.25,501,4522.717975
189.5,501,4530.761439
129.0,501,4538.807441
162.0,501,4546.876797
171.0,501,4554.986645
62.0,501,4563.07301
163.75,501,4571.143998
178.75,501,4579.299286
159.25,501,4587.44472
140.0,501,4595.541426
153.5,501,4603.986562
155.0,501,4612.226727
130.75,501,4620.117879
142.0,501,4628.325916
175.0,501,4636.629209
156.5,501,4645.077219
128.25,501,4653.166874
159.0,501,4661.186706
133.25,501,4669.560408
157.5,501,4677.784103
148.75,501,4686.031227
143.75,501,4694.30878
134.75,501,4702.361012
145.5,501,4709.703429
152.75,501,4717.833237
126.0,501,4726.146091
158.75,501,4734.480988
145.75,501,4742.908823
175.0,501,4751.408579
136.75,501,4759.790846
158.5,501,4768.295211
172.5,501,4776.657988
219.5,501,4784.437533
143.75,501,4792.598585
136.25,501,4801.182481
172.5,501,4809.575468
152.75,501,4817.845861
163.5,501,4826.082905
151.5,501,4834.198863
61.5,501,4842.344881
133.25,501,4850.477712
130.75,501,4858.907652
130.0,501,4867.437843
139.0,501,4875.778689
219.75,501,4884.151479
171.25,501,4892.319787
157.75,501,4900.583342
176.25,501,4908.842978
148.5,501,4916.944497
172.0,501,4925.416656
210.0,501,4933.721085
210.25,501,4942.006491
131.0,501,4950.16835
168.0,501,4958.244554
162.75,501,4966.346754
169.5,501,4974.561853
154.75,501,4982.714616
165.5,501,4990.859483
80.25,501,4999.110621
142.0,501,5007.586094
150.0,501,5015.321658
148.0,501,5022.768239
167.5,501,5030.558141
191.0,501,5038.717534
200.0,501,5047.499378
139.5,501,5056.036429
165.25,501,5064.690708
213.75,501,5073.229226
123.5,501,5081.001037
174.5,501,5088.259445
163.25,501,5096.415067
185.25,501,5104.96928
190.25,501,5113.541019
187.75,501,5122.144843
215.25,501,5130.798457
174.0,501,5139.45523
126.5,501,5147.614155
168.0,501,5155.127673
97.75,501,5162.788907
69.0,501,5171.067787
152.0,501,5179.321228
146.0,501,5187.640874
154.0,501,5196.321932
108.5,501,5204.636372
147.75,501,5212.909934
158.75,501,5220.425295
140.0,501,5227.203318
70.0,501,5235.641559
134.0,501,5244.359112
143.0,501,5252.708656
82.75,501,5258.74056
111.5,501,5267.523322
132.5,501,5274.091685
144.75,501,5280.493703
127.0,501,5286.94111
114.5,501,5293.388016
131.0,501,5299.880854
100.0,501,5306.364129
102.75,501,5312.84428
112.0,501,5319.515255
187.5,501,5328.086534
132.5,501,5334.541746
176.25,501,5341.119266
158.75,501,5347.741132
93.5,501,5354.334562
113.5,501,5360.961757
132.25,501,5367.417466
151.0,501,5374.92107
133.25,501,5383.402612
158.25,501,5389.942663
63.5,501,5396.433174
146.0,501,5402.947435
166.25,501,5409.453802
203.75,501,5416.089625
127.75,501,5422.576368
156.0,501,5430.009896
73.25,501,5437.902594
122.5,501,5444.64714
146.5,501,5451.190113
136.0,501,5457.04425
118.5,501,5462.448326
78.0,501,5467.558718
132.0,501,5472.591198
147.0,501,5477.70827
146.25,501,5482.819235
118.25,501,5487.865789
126.0,501,5492.873144
102.75,501,5497.891319
103.75,501,5502.890467
165.0,501,5507.900248
148.75,501,5512.92619
142.0,501,5517.887176
124.25,501,5522.920813
103.75,501,5527.9663
60.0,501,5532.853303
91.25,501,5537.916613
136.0,501,5543.019679
148.5,501,5548.488366
142.0,501,5553.889715
137.25,501,5559.459429
118.75,501,5564.951991
163.0,501,5570.320616
158.0,501,5575.639537
0.0,501,5580.711837
0.0,501,5585.872375
0.0,501,5590.82885
0.0,501,5595.820733
0.0,501,5600.835894
0.0,501,5605.867857
0.0,501,5610.917791
0.0,501,5615.959746
0.0,501,5621.1447
0.0,501,5626.180231
5.75,501,5631.235696
3.0,501,5636.348419
3.5,501,5641.430798
12.25,501,5646.448458
29.25,501,5651.471591
54.25,501,5656.548876
88.5,501,5661.675609
26.25,501,5666.763583
73.0,501,5672.07384
123.75,501,5677.15378
51.25,501,5682.232603
52.75,501,5687.367853
59.5,501,5692.427384
53.0,501,5697.4822
82.5,501,5702.617145
109.25,501,5707.686786
96.25,501,5712.756507
81.25,501,5717.821738
50.0,501,5723.471334
19.75,501,5729.237006
24.0,501,5735.07362
15.75,501,5740.280796
108.5,501,5746.546868
59.75,501,5752.026031
80.25,501,5760.08362
26.0,501,5766.160054
23.5,501,5774.028924
30.5,501,5782.310265
13.75,501,5790.583244
66.0,501,5798.555683
113.0,501,5806.755609
103.75,501,5814.95382
121.75,501,5823.163043
92.25,501,5831.432433
95.5,501,5838.631948
122.25,501,5844.186953
131.25,501,5852.475085
114.75,501,5860.730358
66.0,501,5868.844971
66.5,501,5875.106237
132.75,501,5883.224233
42.0,501,5889.351243
171.5,501,5897.417672
173.5,501,5905.879261
129.5,501,5913.942882
160.75,501,5921.738052
74.0,501,5929.504685
22.0,501,5936.685684
16.0,501,5944.990596
101.0,501,5953.769019
163.0,501,5962.951966
157.5,501,5971.412817
160.25,501,5980.026731
182.25,501,5988.678906
177.0,501,5997.09112
150.75,501,6002.903448
158.5,501,6009.372072
170.25,501,6015.927488
151.75,501,6022.444509
166.75,501,6028.830969
222.0,501,6037.706841
155.75,501,6046.9505
54.5,501,6053.371503
157.0,501,6059.819387
176.25,501,6066.36434
137.75,501,6072.768071
134.25,501,6080.877549
166.5,501,6088.602972
157.75,501,6096.651765
142.75,501,6103.110037
168.5,501,6109.461687
175.75,501,6115.923586
160.25,501,6122.470854
187.75,501,6131.635352
161.25,501,6140.648018
93.5,501,6146.223675
146.0,501,6152.673432
122.0,501,6158.547031
176.25,501,6165.77687
146.0,501,6173.209883
121.5,501,6181.327759
142.0,501,6188.835389
170.25,501,6195.493284
159.0,501,6203.869817
201.75,501,6210.808353
124.0,501,6218.674803
180.5,501,6227.315767
163.0,501,6236.05606
164.0,501,6244.636464
92.0,501,6251.575032
159.5,501,6259.303984
134.25,501,6268.084187
112.0,501,6276.490848
160.5,501,6284.89568
153.25,501,6293.181992
163.5,501,6300.560469
154.0,501,6308.198539
90.75,501,6316.499935
43.0,501,6324.729018
16.0,501,6332.981635
39.5,501,6340.787413
80.25,501,6347.774373
98.25,501,6355.742046
114.0,501,6363.746145
136.0,501,6371.889542
142.0,501,6379.573055
122.25,501,6386.9333
137.25,501,6395.846399
105.25,501,6404.523377
166.75,501,6413.42949
172.5,501,6422.785159
115.0,501,6431.611368
135.0,501,6438.943233
115.5,501,6446.506003
104.5,501,6454.998284
111.0,501,6462.215478
143.5,501,6470.92912
105.75,501,6479.455445
162.0,501,6488.002987
172.0,501,6496.777621
160.25,501,6505.913637
32.0,501,6515.929629
120.5,501,6524.561214
76.75,501,6533.008827
161.75,501,6541.701144
233.0,501,6550.005754
177.5,501,6558.26219
181.0,501,6567.240446
179.5,501,6575.051788
149.5,501,6580.47274
186.0,501,6585.613197
222.0,501,6590.835666
162.0,501,6596.058071
150.0,501,6601.349804
182.75,501,6606.685543
170.0,501,6611.909131
142.0,501,6617.136613
133.25,501,6622.299543
50.0,501,6627.543576
13.0,501,6632.70227
12.0,501,6637.979093
173.0,501,6643.229434
110.75,501,6648.536437
146.0,501,6653.783554
126.5,501,6659.028959
200.5,501,6664.291917
210.0,501,6669.524444
209.5,501,6674.830392
158.0,501,6680.097752
174.0,501,6685.351004
166.25,501,6690.528893
157.25,501,6695.787184
158.0,501,6701.142959
150.75,501,6706.264549
214.0,501,6711.483301
172.0,501,6716.676889
128.0,501,6721.898561
200.0,501,6727.129455
196.0,501,6732.307119
183.75,501,6737.591529
214.0,501,6742.848212
157.0,501,6748.278172
184.0,501,6753.700997
102.5,501,6759.181803
176.0,501,6764.698801
134.0,501,6770.037439
214.0,501,6775.45281
208.0,501,6780.888058
186.75,501,6786.288932
201.0,501,6791.692845
170.0,501,6797.022195
207.75,501,6802.363785
152.75,501,6807.690048
217.0,501,6813.021896
100.0,501,6818.332188
214.25,501,6823.629883
212.0,501,6828.933976
229.5,501,6834.228469
201.5,501,6839.513914
206.0,501,6844.819351
100.0,501,6850.100111
190.0,501,6855.439832
210.0,501,6860.788965
193.0,501,6866.027043
182.0,501,6871.286854
198.0,501,6876.582411
240.0,501,6881.927245
228.0,501,6887.389222
178.0,501,6892.5551
14.0,501,6897.525488
221.75,501,6902.647572
210.0,501,6907.741206
164.0,501,6912.821508
248.0,501,6917.863591
180.0,501,6922.888251
170.0,501,6928.016627
214.0,501,6933.127676
160.25,501,6938.100878
137.0,501,6943.103947
163.75,501,6948.038867
113.75,501,6952.98154
88.5,501,6957.945104
157.0,501,6962.884028
165.0,501,6967.83546
119.5,501,6972.844362
138.5,501,6977.792574
153.25,501,6982.822192
144.5,501,6987.765898
159.0,501,6992.706929
90.0,501,6997.706075
93.25,501,7002.610606
77.0,501,7007.570985
91.0,501,7012.502824
76.75,501,7017.384573
121.0,501,7022.317913
92.5,501,7027.265275
110.0,501,7032.232812
105.0,501,7037.227192
141.5,501,7042.190275
75.25,501,7047.140145
120.0,501,7052.06878
83.75,501,7056.994751
96.75,501,7061.91707
130.0,501,7066.963864
167.5,501,7072.01311
144.0,501,7077.013528
114.0,501,7082.084378
117.0,501,7087.074668
120.0,501,7092.127863
34.0,501,7097.179929
148.5,501,7102.189245
145.25,501,7107.220163
212.0,501,7112.215467
148.0,501,7117.142757
84.75,501,7122.125941
156.0,501,7127.105851
164.0,501,7132.133072
134.0,501,7137.175115
130.0,501,7142.130834
211.5,501,7147.169698
201.0,501,7152.139892
24.0,501,7157.094607
105.75,501,7162.065439
141.25,501,7167.004043
65.0,501,7171.957232
139.5,501,7176.886418
145.75,501,7181.809295
93.5,501,7186.781385
148.25,501,7191.751827
204.0,501,7196.741667
173.75,501,7201.743221
204.25,501,7206.772564
149.25,501,7211.830297
161.0,501,7216.798974
125.25,501,7221.74407
182.0,501,7226.655163
119.0,501,7231.704665
202.5,501,7236.721529
144.0,501,7241.739715
155.75,501,7246.751891
220.75,501,7251.764198
206.0,501,7256.797475
64.25,501,7261.770139
126.5,501,7266.772089
203.0,501,7271.844999
138.25,501,7276.874255
135.5,501,7281.868095
164.5,501,7286.920336
167.75,501,7291.888012
126.25,501,7296.924259
201.5,501,7301.951749
124.25,501,7307.022657
158.5,501,7312.090631
143.0,501,7317.135641
180.75,501,7322.329976
176.0,501,7327.480357
208.0,501,7332.622004
236.0,501,7337.732827
42.5,501,7342.855552
172.25,501,7347.909212
74.0,501,7352.888878
165.5,501,7357.837344
166.0,501,7362.921043
170.0,501,7367.945079
154.5,501,7373.00347
187.0,501,7378.09138
158.0,501,7383.127337
210.0,501,7388.208399
202.5,501,7393.230453
212.75,501,7398.365226
178.25,501,7403.454295
205.25,501,7408.552285
236.0,501,7413.622194
94.0,501,7418.650091
114.0,501,7423.649315
151.75,501,7428.641323
184.25,501,7433.722203
170.25,501,7438.720073
131.25,501,7443.923205
172.0,501,7449.141065
91.75,501,7454.181833
162.0,501,7459.251171
200.0,501,7464.349746
102.0,501,7469.358013
138.5,501,7474.425763
196.0,501,7479.477929
195.0,501,7484.605901
211.25,501,7489.645595
167.75,501,7494.755922
148.0,501,7499.842772
50.5,501,7504.811967
94.0,501,7509.81388
138.0,501,7514.857637
206.75,501,7519.872579
154.0,501,7524.931314
140.0,501,7529.93011
145.25,501,7534.941788
180.0,501,7539.970866
128.25,501,7544.959993
90.5,501,7549.920115
66.75,501,7554.851153
124.25,501,7559.793711
116.0,501,7564.808724
202.5,501,7569.809296
123.75,501,7574.774884
79.0,501,7579.75356
106.75,501,7584.745908
129.0,501,7589.747753
150.0,501,7594.707676
198.0,501,7599.652462
133.25,501,7604.698808
174.0,501,7609.727996
113.25,501,7614.824439
218.0,501,7619.834045
167.0,501,7624.916852
97.5,501,7629.943586
129.5,501,7635.136648
208.75,501,7640.377773
135.0,501,7645.56062
216.0,501,7650.781781
130.0,501,7655.956781
147.75,501,7661.148758
192.0,501,7666.303454
215.25,501,7671.560248
118.25,501,7676.743717
156.0,501,7681.943722
90.0,501,7687.069603
208.75,501,7692.150362
187.75,501,7697.27252
220.0,501,7702.385177
138.0,501,7707.554787
137.25,501,7712.788505
157.25,501,7717.976929
194.0,501,7723.123011
122.0,501,7728.314065
16.0,501,7733.441499
57.5,501,7738.615711
159.0,501,7743.758678
151.75,501,7748.960619
160.0,501,7754.136809
142.5,501,7759.30755
228.0,501,7764.542615
196.0,501,7769.666698
106.75,501,7774.798462
208.0,501,7779.930698
149.0,501,7785.088044
126.0,501,7790.219315
153.0,501,7795.384791
167.25,501,7800.501642
209.0,501,7805.687453
157.5,501,7810.852457
151.25,501,7816.042305
191.0,501,7821.156573
197.5,501,7826.32006
240.0,501,7831.49819
196.0,501,7836.680895
92.5,501,7841.876435
198.0,501,7847.000515
152.0,501,7852.169472
149.0,501,7857.341098
73.75,501,7862.440938
50.0,501,7867.537769
32.0,501,7872.630854
49.25,501,7877.695761
58.0,501,7882.758235
97.5,501,7887.888054
60.0,501,7892.996708
79.25,501,7898.122772
64.5,501,7903.206007
94.75,501,7908.32482
88.75,501,7913.445578
88.75,501,7918.519543
128.75,501,7923.574962
104.75,501,7928.640147
129.75,501,7933.740908
105.75,501,7938.791679
14.0,501,7943.860944
101.5,501,7948.891548
64.25,501,7953.958805
88.5,501,7958.969769
71.5,501,7964.033395
74.75,501,7969.113809
57.75,501,7974.146703
37.0,501,7979.154658
108.0,501,7984.187345
73.0,501,7989.25254
95.25,501,7994.313712
68.25,501,7999.370493
35.5,501,8004.391298
10.0,501,8009.429646
117.25,501,8014.459038
80.5,501,8019.488134
44.25,501,8024.489076
105.5,501,8029.534287
46.25,501,8034.596013
101.75,501,8039.592669
71.25,501,8044.676726
67.0,501,8049.724869
120.5,501,8054.809382
21.75,501,8059.82319
32.25,501,8064.869036
71.0,501,8069.903155
51.75,501,8074.937947
54.75,501,8079.968815
54.75,501,8085.026005
97.25,501,8090.071266
104.5,501,8095.199216
105.25,501,8100.278264
77.0,501,8105.310206
98.0,501,8110.365969
93.25,501,8115.415299
58.25,501,8120.4654
124.0,501,8125.484029
55.0,501,8130.526544
96.25,501,8135.599689
38.75,501,8140.662435
80.0,501,8145.718648
50.5,501,8150.756643
147.0,501,8155.828023
131.75,501,8160.900725
23.0,501,8165.938439
118.25,501,8170.959558
104.0,501,8176.041744
115.0,501,8181.119567
54.75,501,8186.15933
72.75,501,8191.204819
97.0,501,8196.316072
55.25,501,8201.381148
96.25,501,8206.437847
93.5,501,8211.495973
109.0,501,8216.54989
152.0,501,8221.668267
84.5,501,8226.823246
137.25,501,8231.923912
84.25,501,8236.994408
99.25,501,8242.1358
101.75,501,8247.187971
69.0,501,8252.358588
21.75,501,8257.416419
66.25,501,8262.459171
73.25,501,8267.596613
80.75,501,8272.687258
110.75,501,8277.775017
100.75,501,8282.853094
127.75,501,8287.971679
141.75,501,8293.081331
57.25,501,8298.232133
110.75,501,8303.324643
99.0,501,8308.454452
60.0,501,8313.581889
117.5,501,8318.654323
61.75,501,8323.769653
83.75,501,8328.838301
98.25,501,8333.987992
122.5,501,8339.06658
101.5,501,8344.147716
114.0,501,8349.273871
124.25,501,8354.395832
145.0,501,8359.529209
165.25,501,8364.646217
128.0,501,8369.716177
157.0,501,8374.882849
145.5,501,8380.072917
180.5,501,8385.23716
139.0,501,8390.438998
155.0,501,8395.60931
176.0,501,8400.831975
172.5,501,8406.032296
137.5,501,8411.202081
192.0,501,8416.375752
180.75,501,8421.629038
168.5,501,8427.023568
196.0,501,8432.201848
221.0,501,8437.382629
146.25,501,8442.566483
166.25,501,8447.742112
162.25,501,8453.002093
128.75,501,8458.161774
133.75,501,8463.369314
100.5,501,8468.566664
124.25,501,8473.777186
147.5,501,8478.971333
179.75,501,8484.155412
166.0,501,8489.380154
174.5,501,8494.597404
122.0,501,8499.870866
174.5,501,8505.093694
160.5,501,8510.333523
169.0,501,8515.489304
125.0,501,8520.648463
122.5,501,8525.831481
166.25,501,8531.168949
194.0,501,8536.371382
154.75,501,8541.547362
188.5,501,8546.732443
173.25,501,8551.91707
147.5,501,8557.169858
50.25,501,8562.357881
201.25,501,8567.65497
203.25,501,8572.830891
210.0,501,8578.057053
142.0,501,8583.2609
176.0,501,8588.483078
185.25,501,8593.67942
172.75,501,8598.888116
196.75,501,8604.074951
189.5,501,8609.278274
214.0,501,8614.485451
137.75,501,8619.676302
165.25,501,8624.887221
142.0,501,8630.075196
214.0,501,8635.325434
168.5,501,8640.542944
207.75,501,8645.785176
212.0,501,8651.013382
156.0,501,8656.226751
210.75,501,8661.424477
164.25,501,8666.65391
240.0,501,8671.850923
189.0,501,8677.104385
212.0,501,8682.346187
173.5,501,8687.541514
180.75,501,8692.764042
172.0,501,8697.988209
150.0,501,8703.19184
191.25,501,8708.372138
165.5,501,8713.544389
165.75,501,8718.699877
190.0,501,8723.838126
150.5,501,8729.012127
170.5,501,8734.149285
187.25,501,8739.336116
196.0,501,8744.526956
145.0,501,8749.680383
184.5,501,8754.850845
159.5,501,8760.036946
236.0,501,8765.247835
154.0,501,8770.37925
144.0,501,8775.569908
217.0,501,8780.703538
182.75,501,8785.861464
185.0,501,8791.037797
156.0,501,8796.230668
185.5,501,8801.326751
156.0,501,8806.473737
184.25,501,8811.611521
135.5,501,8816.792404
156.0,501,8821.929878
206.0,501,8827.08814
146.5,501,8832.261801
150.25,501,8837.420292
199.75,501,8842.599067
94.0,501,8847.710613
199.75,501,8852.87372
198.0,501,8857.998589
186.75,501,8863.213162
166.0,501,8868.417768
147.75,501,8873.532249
130.0,501,8878.677873
200.25,501,8883.74405
20.0,501,8888.937749
146.0,501,8894.048084
174.0,501,8899.315517
128.25,501,8904.445932
192.0,501,8909.614019
180.75,501,8914.723341
162.0,501,8919.891145
168.0,501,8925.121712
152.0,501,8930.2392
128.0,501,8935.323415
162.0,501,8940.469452
222.0,501,8945.658312
204.0,501,8950.81736
165.25,501,8956.01761
111.5,501,8961.130665
224.0,501,8966.298646
153.0,501,8971.44659
222.0,501,8976.615721
168.25,501,8981.782583
181.0,501,8986.948954
191.25,501,8992.073627
161.5,501,8997.207604
127.5,501,9002.335298
73.5,501,9007.462461
91.25,501,9012.616543
86.0,501,9017.717973
150.0,501,9022.900923
160.0,501,9028.017789
123.75,501,9033.178676
146.0,501,9038.328399
181.5,501,9043.499601
226.0,501,9048.708797
153.5,501,9053.803137
158.75,501,9058.961627
110.0,501,9064.101241
214.0,501,9069.256799
160.25,501,9074.437389
226.75,501,9079.636685
286.0,501,9084.832729
77.5,501,9090.038866
188.0,501,9095.170472
203.0,501,9100.347558
209.25,501,9105.491878
177.0,501,9110.68898
129.75,501,9115.801248
208.5,501,9120.996005
183.25,501,9126.108294
120.75,501,9131.237709
117.5,501,9136.375722
137.0,501,9141.52177
144.75,501,9146.615384
147.5,501,9151.765246
60.5,501,9156.901999
161.5,501,9162.029262
178.5,501,9167.15378
59.0,501,9172.257294
123.0,501,9177.367169
154.75,501,9182.465565
53.0,501,9187.541859
118.5,501,9192.617165
120.75,501,9197.716387
112.75,501,9202.880378
113.75,501,9207.963028
103.75,501,9213.045365
81.5,501,9218.122622
56.75,501,9223.203445
87.5,501,9228.311786
128.25,501,9233.467636
153.0,501,9238.566168
