#{"t_start": 1541020028.3513746, "env_id": "MicropolisEnv-v0"}
r,l,t
0.0,496,9.644385
0.0,496,15.269889
0.0,496,20.972897
0.0,496,26.591257
0.0,501,32.265498
0.0,500,37.933411
4.0,499,43.631475
4.0,496,49.240427
4.0,499,54.917853
4.0,499,60.713471
0.0,497,66.438756
0.0,496,72.12541
0.0,500,77.862515
5.75,496,83.522772
0.0,499,89.234563
0.0,498,94.899959
0.0,496,100.592284
0.0,498,106.315113
3.5,497,112.034034
1.0,496,117.776991
1.0,500,123.525144
6.5,497,129.253131
13.5,498,135.009277
17.5,496,140.745178
40.75,498,146.521839
24.25,500,152.318358
23.5,499,158.107493
24.25,500,163.896388
21.5,498,169.697077
15.5,501,175.559783
37.25,501,181.427081
30.0,497,187.233578
25.5,498,193.048731
35.75,500,198.878908
16.5,500,204.730093
21.25,496,210.518543
27.25,497,216.343104
0.0,501,222.201931
23.75,500,228.03019
36.0,501,233.847641
32.75,499,239.659342
42.25,501,245.561066
37.25,501,251.3965
40.25,500,257.239434
41.0,499,263.072267
21.0,499,268.899287
33.0,498,274.709128
33.5,500,280.542934
25.5,499,286.342116
30.0,498,292.148914
30.75,499,297.942692
18.75,499,303.77514
33.75,496,309.608306
31.5,499,315.423965
20.75,496,321.223951
39.0,496,327.003929
32.25,500,332.869881
33.25,501,338.701697
31.75,498,344.529851
34.5,498,350.319551
46.25,501,356.200974
33.5,500,362.044489
40.0,499,367.861161
42.75,500,373.760541
41.25,500,379.592748
31.25,496,385.42262
41.5,501,391.288033
46.25,498,397.084731
32.25,496,402.924621
41.0,501,408.807067
41.5,496,414.604288
24.5,500,420.461244
40.25,501,426.26515
45.25,497,432.113895
40.5,496,437.93487
41.75,500,443.80912
49.0,501,449.629993
24.25,497,455.4448
26.25,497,461.212811
48.25,501,467.056603
24.0,496,472.854119
15.25,497,478.665869
31.25,496,484.476166
36.25,497,490.299547
34.0,500,496.100428
36.5,499,501.9588
26.25,498,507.743206
33.75,499,513.563376
34.75,500,519.586406
36.5,496,525.476747
16.25,496,531.224498
27.0,498,536.995136
42.5,501,542.842532
49.5,501,548.674986
43.0,499,554.510977
40.75,497,560.29198
37.75,497,566.061333
45.5,501,571.95302
54.25,498,577.704769
38.5,496,583.469037
44.5,497,589.258751
33.0,500,595.07117
45.75,500,600.889566
37.5,499,606.700384
38.0,499,612.488774
50.75,501,618.35528
36.75,501,624.174688
41.5,499,629.999939
25.75,498,635.768141
38.75,500,641.613485
41.75,500,647.418007
38.5,500,653.255474
41.75,500,659.065412
41.75,497,664.816623
39.75,500,670.607001
27.5,500,676.45083
22.0,500,682.281341
41.25,501,688.104065
37.5,499,693.909009
31.5,498,699.708063
30.0,498,705.557719
41.25,500,711.36599
31.75,499,717.1663
45.5,500,722.955955
50.25,499,728.721138
45.25,499,734.513188
54.0,499,740.326772
45.25,498,746.105418
42.5,498,751.884703
34.5,498,757.682601
42.25,497,763.456134
43.0,501,769.290677
28.25,497,775.08076
47.5,501,780.901147
63.25,500,786.726755
50.25,501,792.573178
51.0,499,798.387703
40.75,497,804.190735
32.75,498,809.983054
33.75,500,815.777759
39.0,499,821.601256
43.25,501,827.395665
41.25,498,833.214573
35.75,498,838.980175
35.25,500,844.762718
30.25,500,850.578811
35.5,498,856.379694
36.25,497,862.129451
31.75,497,867.900594
39.75,500,873.713014
38.0,500,879.525499
33.75,498,885.309844
32.0,497,891.098374
34.25,499,896.897745
44.25,501,902.736273
35.0,501,908.516203
30.25,497,914.260843
37.75,501,920.075194
47.5,501,925.885806
33.25,499,931.657838
39.0,499,937.430572
39.75,501,943.264456
28.75,498,949.073956
51.75,497,954.849617
44.0,500,960.673979
50.0,501,966.537725
37.5,500,972.357277
42.5,499,978.186876
50.0,501,984.013262
53.5,500,989.833001
38.0,497,995.626691
40.25,500,1001.413742
30.0,497,1007.196428
38.25,500,1013.095152
39.75,498,1018.92239
46.5,501,1024.750408
33.75,497,1030.561215
43.25,500,1036.372509
35.25,499,1042.176279
39.25,497,1047.947524
47.5,497,1053.726801
41.75,501,1059.541709
31.75,498,1065.340889
46.0,501,1071.163536
41.5,498,1076.941453
32.25,499,1082.739289
34.75,499,1088.536484
51.25,499,1094.344807
29.75,498,1100.130937
36.75,499,1105.937924
36.5,498,1111.724179
32.75,500,1117.565609
34.5,499,1123.383885
37.5,500,1129.164606
37.25,501,1135.017939
33.75,500,1140.872842
35.0,501,1146.683442
9.0,500,1152.468066
35.5,500,1158.302886
42.75,500,1164.132894
26.25,498,1169.927171
37.0,501,1175.739036
45.5,500,1181.557336
38.25,500,1187.370775
37.75,498,1193.171128
45.25,501,1198.976057
30.5,499,1204.808699
43.25,501,1210.655089
15.5,499,1216.43413
38.25,498,1222.210485
44.75,499,1228.03575
38.25,499,1233.852569
34.75,498,1239.651469
45.75,501,1245.512938
48.5,498,1251.323862
26.25,498,1257.153872
31.5,498,1262.960462
45.0,499,1268.772797
33.25,499,1274.580865
45.5,500,1280.416318
42.25,501,1286.264736
42.25,498,1292.076696
59.0,498,1297.915456
53.0,500,1303.776721
44.25,499,1309.603982
43.0,500,1315.436942
50.75,500,1321.287621
49.0,500,1327.115891
25.25,498,1332.940394
46.0,500,1338.77159
41.25,499,1344.623556
37.0,498,1350.448984
45.75,499,1356.269502
28.75,498,1362.073955
34.0,500,1367.908713
41.25,500,1373.754136
31.75,499,1379.579034
45.0,499,1385.394066
33.25,499,1391.221743
31.5,499,1397.068791
34.0,499,1402.891708
35.0,498,1408.703913
42.25,498,1414.521734
44.25,499,1420.347752
43.0,499,1426.194031
38.25,501,1432.038055
30.25,499,1437.855419
38.5,500,1443.680805
40.5,501,1449.527062
39.75,501,1455.355809
31.75,498,1461.204062
40.25,498,1467.004311
37.5,501,1472.832572
30.25,499,1478.672392
40.5,500,1484.501666
52.75,500,1490.33609
51.75,501,1496.177981
43.0,499,1501.994426
48.75,500,1507.810109
45.5,501,1513.619234
49.0,498,1519.449295
58.5,498,1525.271958
34.25,498,1531.074299
41.5,501,1536.900629
30.25,498,1542.698218
40.5,501,1548.531515
34.75,500,1554.364523
39.25,500,1560.190664
37.0,498,1566.021751
24.5,498,1571.823233
48.75,501,1577.690727
50.5,501,1583.529808
41.5,498,1589.354372
49.75,500,1595.186719
36.5,498,1601.026182
45.75,501,1606.884211
33.0,498,1612.733437
49.0,501,1618.599224
32.25,499,1624.450379
44.25,499,1630.28649
64.75,498,1636.09358
21.75,500,1641.920817
50.75,498,1647.738498
81.75,500,1653.577083
86.5,498,1659.361925
72.0,500,1665.199044
36.0,498,1671.002037
45.75,499,1676.829796
49.25,499,1682.632706
29.0,499,1688.436304
35.0,499,1694.278834
40.75,498,1700.116721
39.0,499,1705.974537
44.5,500,1711.814642
45.5,498,1717.607651
38.5,498,1723.395641
54.75,499,1729.21036
10.0,499,1735.026681
58.5,500,1740.856233
56.5,499,1746.657033
76.25,499,1752.455547
96.5,501,1758.246714
53.0,501,1764.081529
79.75,499,1769.876807
41.25,501,1775.670249
30.5,499,1781.474511
61.0,499,1787.309928
36.0,500,1793.136828
31.5,499,1798.975225
69.75,500,1804.813779
57.75,501,1810.662158
41.75,499,1816.496032
44.5,501,1822.345868
47.25,500,1828.206211
44.25,501,1834.046979
47.75,500,1839.892399
39.25,500,1845.727058
46.25,500,1851.585685
37.0,500,1857.43631
44.25,501,1863.276295
51.0,501,1869.140899
46.5,501,1874.9629
43.0,500,1880.780437
37.75,501,1886.586189
40.25,500,1892.400253
28.25,501,1898.225252
34.5,499,1904.03183
39.25,500,1909.873277
45.25,501,1915.696485
40.0,501,1921.562705
42.0,500,1927.412139
39.75,500,1933.217051
87.25,500,1939.023277
70.0,499,1944.858822
102.0,499,1950.669236
50.5,499,1956.478433
60.75,499,1962.258217
107.75,500,1968.073588
79.25,501,1973.925385
82.0,501,1979.744035
78.5,501,1985.576753
89.75,500,1991.413186
49.0,500,1997.240118
93.0,500,2003.070764
52.75,500,2008.868382
74.25,501,2014.65202
74.5,499,2020.460831
74.75,499,2026.274107
68.75,499,2032.070049
75.75,501,2037.90101
90.5,499,2043.743999
101.5,500,2049.594954
69.0,500,2055.391665
75.25,501,2061.194674
46.5,499,2067.009911
12.25,499,2072.822103
70.75,500,2078.611817
67.5,499,2084.393592
48.25,501,2090.246427
38.75,500,2096.07421
78.75,501,2101.902537
46.75,501,2107.72661
52.75,500,2113.567038
56.25,501,2119.399002
59.25,501,2125.188193
66.75,500,2130.964721
64.5,500,2136.78695
52.25,499,2142.609151
118.25,500,2148.438652
101.5,499,2154.240404
135.0,499,2160.047962
117.5,501,2165.910051
107.25,500,2171.793476
49.25,500,2177.614194
41.5,499,2183.495948
81.5,499,2189.35402
142.5,501,2195.213463
81.75,499,2201.10038
97.25,500,2206.994982
31.0,500,2212.843386
83.75,500,2218.654401
99.75,501,2224.535999
51.75,500,2230.350691
54.75,499,2236.182862
130.0,500,2241.991352
109.25,499,2247.765897
136.75,501,2253.667885
98.0,499,2259.507954
120.25,499,2265.404088
131.25,501,2271.282116
130.0,500,2277.195066
105.5,500,2283.078845
0.0,500,2288.94161
70.75,500,2294.7651
88.0,500,2300.575217
23.75,501,2306.526573
103.5,500,2312.421147
131.5,501,2318.363622
38.5,499,2324.200065
85.25,501,2330.044078
92.25,501,2335.912108
105.0,500,2341.744887
112.25,501,2347.597566
80.75,501,2353.443756
137.75,500,2359.366622
129.0,500,2365.305023
111.75,500,2371.243317
141.5,501,2377.153377
146.75,500,2383.055191
178.75,500,2388.919241
100.0,500,2394.787069
46.5,500,2400.62497
86.0,500,2406.476832
90.75,500,2412.372954
166.0,500,2418.341729
119.5,501,2424.238333
157.25,501,2430.238111
70.25,500,2436.192776
157.75,501,2442.11194
78.5,500,2448.122811
118.75,500,2454.058495
123.0,501,2460.03203
188.75,501,2465.981865
168.0,500,2471.972982
144.5,500,2477.950544
100.5,501,2483.909409
157.5,501,2489.936036
170.5,501,2495.929267
112.0,501,2501.927871
94.0,500,2507.804435
78.75,501,2513.679277
107.0,500,2519.578645
140.5,500,2525.481786
164.75,500,2531.381545
50.75,501,2537.18639
84.25,501,2542.914638
116.75,500,2548.937086
153.5,500,2554.893796
130.0,501,2560.903321
168.0,500,2566.813097
123.0,500,2572.784683
121.25,501,2578.760513
74.25,501,2584.717946
136.0,500,2590.671218
145.5,501,2596.64606
108.5,500,2602.565679
54.0,500,2608.429269
123.0,500,2614.375391
151.25,500,2620.322419
55.5,500,2626.294092
136.0,500,2632.201946
128.5,501,2638.095649
76.5,501,2644.026228
99.5,500,2649.880737
115.0,500,2655.779912
197.5,501,2661.69916
195.75,501,2667.678033
128.0,501,2673.621416
95.0,501,2679.511751
84.25,500,2685.417592
52.25,500,2691.370326
106.25,501,2697.281997
114.25,501,2703.221157
129.5,500,2709.148819
223.0,501,2715.163536
89.25,500,2721.154048
161.5,500,2727.09268
153.5,501,2733.056239
85.0,500,2739.020299
136.0,501,2744.965155
180.5,501,2750.939162
106.25,500,2756.924704
173.25,500,2762.910205
142.25,501,2768.876665
212.75,501,2774.910583
177.5,501,2780.887483
118.0,500,2786.875057
171.5,500,2792.872292
166.0,501,2798.831684
111.75,501,2804.729888
185.75,500,2810.701252
103.25,501,2816.681149
136.75,501,2822.66565
109.75,501,2828.598142
97.25,500,2834.549552
103.0,501,2840.489953
37.25,501,2846.416311
173.0,500,2852.389918
86.0,500,2858.343276
156.25,500,2864.282307
98.0,501,2870.263861
75.25,501,2876.315971
16.75,501,2882.110913
14.75,500,2887.934168
115.5,500,2893.758048
25.25,500,2899.525964
27.25,501,2905.301268
30.25,500,2911.087547
32.0,500,2916.927269
48.25,500,2922.723003
147.75,501,2928.582248
76.75,501,2934.525339
123.0,501,2940.495338
106.25,501,2946.401789
76.0,501,2952.264354
71.0,501,2958.155184
80.0,501,2963.978448
95.75,501,2969.823195
13.0,501,2975.623811
0.0,501,2981.422763
29.25,501,2987.234632
10.25,501,2993.019764
50.0,501,2998.814661
92.0,501,3004.649494
52.25,501,3010.573239
55.75,501,3016.469233
68.0,501,3022.401221
89.5,501,3028.34627
220.0,501,3034.327408
156.25,501,3040.312221
214.25,501,3046.325985
64.0,501,3052.15914
78.0,501,3058.014406
102.0,501,3063.861412
62.75,501,3069.703078
168.0,501,3075.555018
169.25,501,3081.558332
221.75,501,3087.541994
72.0,501,3093.527142
92.0,501,3099.408943
8.0,501,3105.262393
126.0,501,3111.079376
12.0,501,3117.106851
137.75,501,3123.057121
140.25,501,3128.939978
130.5,501,3134.824186
109.5,501,3140.741326
123.5,501,3146.678779
135.0,501,3152.542404
107.5,501,3158.413007
143.25,501,3164.349179
152.0,501,3170.292819
130.75,501,3176.317996
177.25,501,3182.226646
128.5,501,3188.181982
122.0,501,3194.059549
122.0,501,3199.932773
51.75,501,3205.89768
113.25,501,3211.858951
162.0,501,3217.895516
107.75,501,3223.912529
216.0,501,3229.911892
170.0,501,3235.946605
120.25,501,3241.973433
118.0,501,3248.005458
87.25,501,3253.98457
163.5,501,3259.933041
155.5,501,3265.924004
198.5,501,3271.895922
125.0,501,3277.833611
64.25,501,3283.77015
129.0,501,3289.702323
152.5,501,3295.707309
146.75,501,3301.667981
172.25,501,3307.653427
101.0,501,3313.621304
32.0,501,3319.478424
45.0,501,3325.282438
17.5,501,3331.009535
27.25,501,3336.783525
133.0,501,3342.750147
100.5,501,3348.701467
103.25,501,3354.603711
12.5,501,3360.363482
7.0,501,3366.129344
17.5,501,3371.94418
5.5,501,3377.707865
98.25,501,3383.693568
107.25,501,3389.517006
161.0,501,3395.455367
50.25,501,3401.297531
6.0,501,3407.097219
14.0,501,3412.888246
80.75,501,3418.764552
107.0,501,3424.663809
5.25,501,3430.474149
22.5,501,3436.252744
5.75,501,3442.021309
118.0,501,3447.827509
115.0,501,3453.723891
127.25,501,3459.603932
134.0,501,3465.501435
44.25,501,3471.381618
129.25,501,3477.373639
26.75,501,3483.177141
27.25,501,3488.952005
7.5,501,3494.725946
6.0,501,3500.43496
28.25,501,3506.21426
30.25,501,3511.974238
24.25,501,3517.685627
4.0,501,3523.369745
7.75,501,3529.099786
6.5,501,3534.824041
113.25,501,3540.595976
126.0,501,3546.523513
136.0,501,3552.400074
145.75,501,3558.249722
110.75,501,3564.137311
134.25,501,3570.043676
131.25,501,3575.938493
124.0,501,3581.833544
85.25,501,3587.756214
68.75,501,3593.661669
27.5,501,3599.485619
35.5,501,3605.297727
54.75,501,3611.175357
121.25,501,3617.045877
112.75,501,3622.941175
70.5,501,3628.844188
103.25,501,3634.798597
44.0,501,3640.709754
126.75,501,3646.596711
126.5,501,3652.559438
124.0,501,3658.553386
135.5,501,3664.517263
128.0,501,3670.414038
113.75,501,3676.32695
156.75,501,3682.274376
126.25,501,3688.173466
131.25,501,3694.057474
100.75,501,3699.944515
117.25,501,3705.867355
123.25,501,3711.717727
153.75,501,3717.59052
51.5,501,3723.490519
128.25,501,3729.436203
145.0,501,3735.35527
159.25,501,3741.294624
160.0,501,3747.251937
127.5,501,3753.23318
164.75,501,3759.163795
147.0,501,3765.12413
119.0,501,3771.051025
156.75,501,3776.984054
116.25,501,3783.006655
161.25,501,3788.92462
123.5,501,3794.883695
68.25,501,3800.81284
168.0,501,3806.736938
186.75,501,3812.634269
126.5,501,3818.530869
135.75,501,3824.473362
115.75,501,3830.30327
122.5,501,3836.15483
126.5,501,3842.089844
62.25,501,3847.977488
34.5,501,3853.803742
92.25,501,3859.609106
73.25,501,3865.500078
44.25,501,3871.385993
159.75,501,3877.287865
126.5,501,3883.277442
164.0,501,3889.233727
158.25,501,3895.204696
121.75,501,3901.21412
166.0,501,3907.206198
108.75,501,3913.147911
108.0,501,3919.044365
137.25,501,3925.016939
129.25,501,3930.953135
157.5,501,3936.848157
158.25,501,3942.819742
141.75,501,3948.740595
132.0,501,3954.641587
126.5,501,3960.584938
173.5,501,3966.474009
148.75,501,3972.430809
124.5,501,3978.409177
164.75,501,3984.400617
144.5,501,3990.430803
79.0,501,3996.462087
148.5,501,4002.409685
145.0,501,4008.384512
164.0,501,4014.400069
153.25,501,4020.436883
152.75,501,4026.483999
123.5,501,4032.567239
178.75,501,4038.59811
184.5,501,4044.59894
149.0,501,4050.643926
224.75,501,4056.723656
193.25,501,4062.759764
214.25,501,4068.75278
197.5,501,4074.749427
175.5,501,4080.785353
124.5,501,4086.718307
138.25,501,4092.672378
198.25,501,4098.646592
160.75,501,4104.592477
157.5,501,4110.588228
119.0,501,4116.659709
131.75,501,4122.722205
165.5,501,4128.701698
142.0,501,4134.700643
116.25,501,4140.751963
172.75,501,4146.78832
84.5,501,4152.808257
119.5,501,4158.776372
153.25,501,4164.792063
119.25,501,4170.82079
66.0,501,4176.816963
216.0,501,4182.783627
2.0,501,4188.511861
0.5,501,4194.157562
2.0,501,4199.825973
3.75,501,4205.477842
0.0,501,4211.246086
2.0,501,4216.955679
123.25,501,4222.878197
150.75,501,4228.850009
127.0,501,4234.864122
212.25,501,4240.846308
131.25,501,4246.869039
86.5,501,4252.837218
32.0,501,4258.795336
152.0,501,4264.799533
178.5,501,4270.812917
184.5,501,4276.781361
166.0,501,4282.750023
79.5,501,4288.603186
98.5,501,4294.575213
0.0,501,4300.571617
4.0,501,4306.318121
215.75,501,4312.293422
191.25,501,4318.218802
153.75,501,4324.120105
138.75,501,4330.031562
195.25,501,4336.019164
228.0,501,4342.022127
195.75,501,4348.017559
214.0,501,4353.961248
158.75,501,4359.95925
193.25,501,4365.946002
105.25,501,4371.805194
92.25,501,4377.66797
73.5,501,4383.508389
111.0,501,4389.417602
142.25,501,4395.319964
153.75,501,4401.238792
156.0,501,4407.179226
155.25,501,4413.073824
167.0,501,4419.09534
171.5,501,4425.024821
138.75,501,4430.947637
128.5,501,4436.863553
70.25,501,4442.706978
128.25,501,4448.629988
125.0,501,4454.480154
148.5,501,4460.391857
122.75,501,4466.290348
157.25,501,4472.256067
149.25,501,4478.190274
123.5,501,4484.090375
113.0,501,4489.996957
96.0,501,4495.894205
104.0,501,4501.73872
91.5,501,4507.721759
97.0,501,4513.586393
52.0,501,4519.448707
105.25,501,4525.354349
65.25,501,4531.186155
2.25,501,4537.013647
8.0,501,4542.823032
90.5,501,4548.648849
59.0,501,4554.497706
108.5,501,4560.360213
87.25,501,4566.262169
55.75,501,4572.141405
90.75,501,4578.011248
73.0,501,4583.86882
46.75,501,4589.708109
78.25,501,4595.60532
55.25,501,4601.484536
33.5,501,4607.310185
1.75,501,4613.083295
0.0,501,4618.863918
3.5,501,4624.643106
0.0,501,4630.266438
0.0,501,4635.996361
0.75,501,4641.81675
0.0,501,4647.610074
0.0,501,4653.400738
8.0,501,4659.152502
24.5,501,4664.975866
54.25,501,4670.862053
62.25,501,4676.731152
39.25,501,4682.584007
6.25,501,4688.411222
61.0,501,4694.25089
46.0,501,4700.125405
4.75,501,4705.965092
74.25,501,4711.821429
51.25,501,4717.66109
57.75,501,4723.519314
64.75,501,4729.357988
103.0,501,4735.20279
62.0,501,4741.099542
0.0,501,4746.865628
7.5,501,4752.638379
2.0,501,4758.397508
1.0,501,4764.184513
0.0,501,4769.972091
0.0,501,4775.757186
0.0,501,4781.526035
2.0,501,4787.325168
0.0,501,4793.10902
0.0,501,4798.915098
0.0,501,4804.702391
0.0,501,4810.483301
0.0,501,4816.258031
0.0,501,4822.028369
0.0,501,4827.834473
0.0,501,4833.600325
0.0,501,4839.375024
0.0,501,4845.135379
0.0,501,4850.931664
0.0,501,4856.740396
3.0,501,4862.493654
8.75,501,4868.242291
14.5,501,4873.998256
44.5,501,4879.824793
36.25,501,4885.651235
26.75,501,4891.463026
36.75,501,4897.28818
34.25,501,4903.117183
38.0,501,4908.945071
2.0,501,4914.823762
31.25,501,4920.657555
14.25,501,4926.491889
62.5,501,4932.342038
54.5,501,4938.186414
40.25,501,4944.080384
48.75,501,4949.903116
40.0,501,4955.744513
71.75,501,4961.570379
59.5,501,4967.418168
46.0,501,4973.275495
39.5,501,4979.122366
58.25,501,4984.984751
5.0,501,4990.816148
4.0,501,4996.638869
55.5,501,5002.413811
16.0,501,5008.146289
97.5,501,5013.995211
57.25,501,5019.859728
79.5,501,5025.698342
78.0,501,5031.565934
69.75,501,5037.406932
76.0,501,5043.26347
59.25,501,5049.124628
77.5,501,5054.94037
50.75,501,5060.705989
21.75,501,5066.502296
2.75,501,5072.284682
0.0,501,5078.051103
3.75,501,5083.868835
20.0,501,5089.735227
11.5,501,5095.554397
41.0,501,5101.415697
55.25,501,5107.30709
73.25,501,5113.203124
110.75,501,5119.147499
96.25,501,5125.096554
78.75,501,5131.036774
88.75,501,5136.965506
99.5,501,5142.897728
61.0,501,5148.886158
113.5,501,5154.775205
111.0,501,5160.649429
133.5,501,5166.544953
29.5,501,5172.402892
55.75,501,5178.231397
17.5,501,5184.034255
25.0,501,5189.907067
66.0,501,5195.782371
41.5,501,5201.667767
74.75,501,5207.542481
81.25,501,5213.435204
43.25,501,5219.315974
27.0,501,5225.149529
27.5,501,5230.99998
25.0,501,5236.884415
9.0,501,5242.697007
9.0,501,5248.532394
15.25,501,5254.382439
25.0,501,5260.211751
5.0,501,5266.082043
0.0,501,5271.751354
3.5,501,5277.511544
15.5,501,5283.303802
48.5,501,5289.163872
37.25,501,5295.051161
70.0,501,5300.948151
0.0,501,5306.702857
28.0,501,5312.524335
37.75,501,5318.339097
56.75,501,5324.23695
47.75,501,5330.151746
31.75,501,5336.074382
32.75,501,5341.983419
28.5,501,5347.874438
45.25,501,5353.768682
62.25,501,5359.662554
32.0,501,5365.504564
41.75,501,5371.377921
49.0,501,5377.305812
37.25,501,5383.253685
39.75,501,5389.170546
42.0,501,5395.111469
40.25,501,5401.014477
32.0,501,5406.935531
38.5,501,5412.859502
62.25,501,5418.764586
50.75,501,5424.668919
69.75,501,5430.608228
55.75,501,5436.521625
106.75,501,5442.387135
54.0,501,5448.22296
61.25,501,5454.062546
99.25,501,5459.909079
61.5,501,5465.765863
40.75,501,5471.654599
27.75,501,5477.444275
25.0,501,5483.256039
59.25,501,5489.167271
85.75,501,5495.075234
58.0,501,5500.998008
45.25,501,5506.903721
133.25,501,5512.840163
65.25,501,5518.742584
46.75,501,5524.586711
135.75,501,5530.494876
66.25,501,5536.38872
29.25,501,5542.27057
97.25,501,5548.12672
117.5,501,5554.068857
144.25,501,5560.056252
84.25,501,5565.97915
28.0,501,5571.828339
27.5,501,5577.573741
75.5,501,5583.401656
83.75,501,5589.29974
67.25,501,5595.194872
78.75,501,5601.13011
91.25,501,5607.000388
50.75,501,5612.901514
70.5,501,5618.791492
42.0,501,5624.667534
88.75,501,5630.58471
96.25,501,5636.478486
37.0,501,5642.380464
86.5,501,5648.369714
108.75,501,5654.310868
131.0,501,5660.264488
116.0,501,5666.178918
205.75,501,5672.19297
146.5,501,5678.260857
191.0,501,5684.369899
134.0,501,5690.350135
149.5,501,5696.384328
157.25,501,5702.424321
114.25,501,5708.400128
133.75,501,5714.31637
78.0,501,5720.267549
162.0,501,5726.164295
145.75,501,5732.117857
161.75,501,5738.109515
92.0,501,5744.001288
114.75,501,5749.985657
124.5,501,5755.954088
120.0,501,5761.931076
136.5,501,5767.955229
165.5,501,5773.976431
194.75,501,5780.043792
159.75,501,5786.112633
169.75,501,5792.170055
199.0,501,5798.215948
140.5,501,5804.248709
145.75,501,5810.317561
127.25,501,5816.324519
141.75,501,5822.335551
103.25,501,5828.36432
126.25,501,5834.373559
140.25,501,5840.410588
104.75,501,5846.451169
173.75,501,5852.55376
138.25,501,5858.620882
140.0,501,5864.669415
154.5,501,5870.675653
157.0,501,5876.715634
84.75,501,5882.749507
205.25,501,5888.838974
132.75,501,5894.848174
94.25,501,5900.814453
188.75,501,5906.830166
110.5,501,5912.80564
144.75,501,5918.80774
172.5,501,5924.779135
146.25,501,5930.757811
155.0,501,5936.688502
187.25,501,5942.668329
147.0,501,5948.670889
170.75,501,5954.759275
176.25,501,5960.739318
99.5,501,5966.680823
76.0,501,5972.610145
40.0,501,5978.529445
75.0,501,5984.462533
104.0,501,5990.413681
132.25,501,5996.348253
123.25,501,6002.313463
163.5,501,6008.341033
87.25,501,6014.330154
123.25,501,6020.269109
170.75,501,6026.263644
159.75,501,6032.229086
157.0,501,6038.255944
41.75,501,6044.244547
99.0,501,6050.143296
106.25,501,6056.028171
40.5,501,6061.853525
34.25,501,6067.743894
34.25,501,6073.608998
63.0,501,6079.470098
70.5,501,6085.345575
71.5,501,6091.201801
124.0,501,6097.161256
60.25,501,6103.071666
108.0,501,6109.005737
128.25,501,6114.947255
152.0,501,6120.934585
119.75,501,6126.954576
145.75,501,6132.888546
125.25,501,6138.870443
140.5,501,6144.797611
124.5,501,6150.695766
115.5,501,6156.613976
110.75,501,6162.516136
141.75,501,6168.431502
125.25,501,6174.313483
78.25,501,6180.206018
127.25,501,6186.147136
107.0,501,6192.04245
123.75,501,6197.958329
63.75,501,6203.855919
90.75,501,6209.720594
109.0,501,6215.662832
85.5,501,6221.562929
98.5,501,6227.46252
71.5,501,6233.363414
55.75,501,6239.224653
86.0,501,6245.082764
58.75,501,6250.975961
115.25,501,6256.883904
69.25,501,6262.761885
84.5,501,6268.68406
70.75,501,6274.617382
77.75,501,6280.537816
105.25,501,6286.465542
145.25,501,6292.416027
76.75,501,6298.354582
95.75,501,6304.251529
109.0,501,6310.152647
106.25,501,6316.114152
96.25,501,6322.021359
87.5,501,6327.965892
108.75,501,6333.93216
95.5,501,6339.834289
130.0,501,6345.768895
144.25,501,6351.787355
99.25,501,6357.685235
12.0,501,6363.571677
20.0,501,6369.387229
45.25,501,6375.220913
41.75,501,6381.070272
21.75,501,6386.888392
154.0,501,6392.790817
121.5,501,6398.69933
52.25,501,6404.555677
96.0,501,6410.455364
66.75,501,6416.336217
66.0,501,6422.20442
27.5,501,6428.056713
124.0,501,6433.984862
83.0,501,6439.904877
122.0,501,6445.874993
112.5,501,6451.888423
107.25,501,6457.870969
168.75,501,6463.889645
130.0,501,6469.866735
169.5,501,6475.812193
114.0,501,6481.838161
130.25,501,6487.888051
122.25,501,6493.945638
131.25,501,6499.966748
0.0,501,6505.684664
138.75,501,6511.538833
138.0,501,6517.523779
9.0,501,6523.516009
106.75,501,6529.427229
6.0,501,6535.22517
5.5,501,6541.005114
6.0,501,6546.837894
17.0,501,6552.61946
40.75,501,6558.45734
79.25,501,6564.334653
110.5,501,6570.210875
70.0,501,6576.085767
109.5,501,6582.016219
122.75,501,6587.944413
53.0,501,6593.889703
127.0,501,6599.861935
168.75,501,6605.874225
147.25,501,6611.897993
122.75,501,6617.891629
123.0,501,6623.797386
113.75,501,6629.723421
135.25,501,6635.558973
7.75,501,6641.376554
10.0,501,6647.151889
10.0,501,6652.905302
8.0,501,6658.748989
33.25,501,6664.650879
162.0,501,6670.63256
60.75,501,6676.550423
8.0,501,6682.540336
188.75,501,6688.586579
161.25,501,6694.607805
179.5,501,6700.617401
122.75,501,6706.609532
161.75,501,6712.617112
112.5,501,6718.602385
114.0,501,6724.57089
122.75,501,6730.529417
179.0,501,6736.525903
86.0,501,6742.48669
142.5,501,6748.471761
93.5,501,6754.408035
125.25,501,6760.371202
84.0,501,6766.355316
132.25,501,6772.361522
132.5,501,6778.296126
119.0,501,6784.215689
86.25,501,6790.105429
59.0,501,6796.002265
123.75,501,6802.024897
109.25,501,6807.991168
108.0,501,6813.890646
96.5,501,6819.837744
74.5,501,6825.810854
85.25,501,6831.715055
166.5,501,6837.800334
107.25,501,6843.769283
30.0,501,6849.664214
91.5,501,6855.648457
45.0,501,6861.538526
134.25,501,6867.499731
132.0,501,6873.386414
118.25,501,6879.330334
135.75,501,6885.300757
115.25,501,6891.289951
156.75,501,6897.332145
126.0,501,6903.287499
138.75,501,6909.289853
116.0,501,6915.234131
119.25,501,6921.221611
141.5,501,6927.246049
141.25,501,6933.280749
186.5,501,6939.252408
121.25,501,6945.245395
158.75,501,6951.212571
150.75,501,6957.201415
124.5,501,6963.146603
103.75,501,6969.12516
110.75,501,6975.113666
121.75,501,6981.069654
122.0,501,6987.042352
124.0,501,6992.955597
154.0,501,6998.893217
110.5,501,7004.810941
116.25,501,7010.736707
159.5,501,7016.753391
183.25,501,7022.711043
200.0,501,7028.697821
144.5,501,7034.697503
121.75,501,7040.651997
218.25,501,7046.64001
174.75,501,7052.639338
121.75,501,7058.65608
121.25,501,7064.688427
155.5,501,7070.662375
160.75,501,7076.656734
92.5,501,7082.639999
113.0,501,7088.608978
89.25,501,7094.597095
90.0,501,7100.598614
180.25,501,7106.617976
124.5,501,7112.615113
180.0,501,7118.61996
79.0,501,7124.612276
96.75,501,7130.619966
135.0,501,7136.667459
130.5,501,7142.719989
172.75,501,7148.765697
148.25,501,7154.779252
118.5,501,7160.751639
147.0,501,7166.772695
83.75,501,7172.718325
123.25,501,7178.655125
159.0,501,7184.656654
141.0,501,7190.647612
164.25,501,7196.681945
114.25,501,7202.713743
144.75,501,7208.697407
136.75,501,7214.704352
156.5,501,7220.675028
152.25,501,7226.657916
116.5,501,7232.653466
70.0,501,7238.553636
31.5,501,7244.467924
53.0,501,7250.3861
51.0,501,7256.306103
90.75,501,7262.243891
85.25,501,7268.170599
107.0,501,7274.044658
84.0,501,7279.941368
136.75,501,7285.93564
163.5,501,7291.918721
155.75,501,7297.94749
167.5,501,7304.009744
122.75,501,7310.018597
110.0,501,7315.981972
150.0,501,7321.930146
94.0,501,7327.800389
0.0,501,7333.601291
2.25,501,7339.418157
6.0,501,7345.290418
61.0,501,7351.100053
6.5,501,7356.901542
2.5,501,7362.688934
4.75,501,7368.486275
0.0,501,7374.283606
32.5,501,7380.139606
127.75,501,7386.023299
91.5,501,7391.939183
86.0,501,7397.832307
1.75,501,7403.68045
42.25,501,7409.449495
39.5,501,7415.277653
8.25,501,7421.043454
112.5,501,7427.012643
118.5,501,7433.041215
139.0,501,7439.003959
126.5,501,7444.989791
143.75,501,7450.965088
204.0,501,7456.998831
192.0,501,7463.165858
130.25,501,7469.163625
183.5,501,7475.240923
74.25,501,7481.226891
151.25,501,7487.239678
171.5,501,7493.289029
152.75,501,7499.301327
133.25,501,7505.357832
202.0,501,7511.406009
152.5,501,7517.435807
149.25,501,7523.425725
153.25,501,7529.407276
178.75,501,7535.419268
106.25,501,7541.458029
196.0,501,7547.479156
104.0,501,7553.540966
147.25,501,7559.51532
162.25,501,7565.504325
167.75,501,7571.514734
148.0,501,7577.45652
72.5,501,7583.448228
17.25,501,7589.33067
167.0,501,7595.332548
154.0,501,7601.357619
122.75,501,7607.373258
85.75,501,7613.379513
102.0,501,7619.317957
131.75,501,7625.316286
93.5,501,7631.284943
112.5,501,7637.232315
136.0,501,7643.159302
143.0,501,7649.06775
17.25,501,7654.979339
4.0,501,7660.908051
46.75,501,7666.708845
20.5,501,7672.515082
0.0,501,7678.368034
41.5,501,7684.200146
121.5,501,7690.102647
40.5,501,7696.097122
155.25,501,7702.12841
93.75,501,7708.207969
172.0,501,7714.238971
124.75,501,7720.176152
100.0,501,7726.114799
216.0,501,7732.197793
160.25,501,7738.211161
194.25,501,7744.156348
147.5,501,7750.085642
10.0,501,7756.060972
165.25,501,7762.086615
127.0,501,7768.148754
171.5,501,7774.122716
122.0,501,7780.14842
132.25,501,7786.097241
148.0,501,7792.064373
192.25,501,7797.984011
154.0,501,7803.909534
192.5,501,7809.868545
4.0,501,7815.889846
185.25,501,7821.914554
80.0,501,7827.955257
94.0,501,7833.925568
108.75,501,7839.823621
128.75,501,7845.80108
87.75,501,7851.816975
62.5,501,7857.843964
222.75,501,7863.80836
111.0,501,7869.711455
112.5,501,7875.581101
31.5,501,7881.536597
137.25,501,7887.467362
72.0,501,7893.383924
102.5,501,7899.302018
114.25,501,7905.314796
34.0,501,7911.186593
100.0,501,7917.133947
162.25,501,7923.152694
145.0,501,7929.199778
125.0,501,7935.201542
0.5,501,7941.204854
48.25,501,7947.099226
31.25,501,7952.982671
150.5,501,7958.930885
116.75,501,7964.884392
0.0,501,7970.817128
0.0,501,7976.54826
12.0,501,7982.311241
208.0,501,7988.315607
30.5,501,7994.268382
141.25,501,8000.281265
118.5,501,8006.214952
181.75,501,8012.198403
174.0,501,8018.259582
166.25,501,8024.287193
153.25,501,8030.279509
154.25,501,8036.342692
114.5,501,8042.390733
196.0,501,8048.429788
158.75,501,8054.436718
149.75,501,8060.470735
124.5,501,8066.496922
184.5,501,8072.559791
231.75,501,8078.562854
127.25,501,8084.545793
133.5,501,8090.46692
115.25,501,8096.39936
149.0,501,8102.402402
114.25,501,8108.459249
125.5,501,8114.416613
138.25,501,8120.403126
94.25,501,8126.401962
127.5,501,8132.396959
133.0,501,8138.332464
92.0,501,8144.292616
158.25,501,8150.295419
72.25,501,8156.272919
168.0,501,8162.240698
161.75,501,8168.195168
59.0,501,8174.07678
80.5,501,8180.017322
128.25,501,8185.973136
0.0,501,8191.8273
0.0,501,8197.627509
6.0,501,8203.434483
8.0,501,8209.255989
0.0,501,8215.064491
32.0,501,8220.878987
102.25,501,8226.817052
94.25,501,8232.764223
30.0,501,8238.790138
116.75,501,8244.712552
117.75,501,8250.643542
148.0,501,8256.576055
144.75,501,8262.535032
147.5,501,8268.496243
70.25,501,8274.416984
20.0,501,8280.343362
111.75,501,8286.271944
162.5,501,8292.166041
21.75,501,8298.115441
0.0,501,8303.875638
1.25,501,8309.652413
62.5,501,8315.465507
163.5,501,8321.468353
160.25,501,8327.493924
40.75,501,8333.521438
164.0,501,8339.59161
171.5,501,8345.685247
161.0,501,8351.695809
218.0,501,8357.7684
178.25,501,8363.817243
196.5,501,8369.81749
27.0,501,8375.896192
183.5,501,8381.956924
134.0,501,8387.995775
172.75,501,8394.041164
195.75,501,8400.042712
169.0,501,8406.040946
171.25,501,8412.080948
84.25,501,8418.105526
147.0,501,8424.121936
168.25,501,8430.127894
155.0,501,8436.140428
172.0,501,8442.172292
88.0,501,8448.212209
222.0,501,8454.227557
172.25,501,8460.281892
134.5,501,8466.381029
167.5,501,8472.41193
146.0,501,8478.467135
155.0,501,8484.491999
123.5,501,8490.50036
107.75,501,8496.480246
165.25,501,8502.482925
153.25,501,8508.503744
153.5,501,8514.509531
168.5,501,8520.53389
161.75,501,8526.578827
198.0,501,8532.648613
162.25,501,8538.713747
161.25,501,8544.762164
120.5,501,8550.747912
196.75,501,8556.805018
179.25,501,8562.844888
104.5,501,8568.952227
137.0,501,8574.97169
142.0,501,8580.996035
119.75,501,8586.957932
176.25,501,8592.970259
168.75,501,8598.914675
164.75,501,8604.875556
21.5,501,8610.871397
132.0,501,8616.767922
124.75,501,8622.680376
43.5,501,8628.611127
40.5,501,8634.529689
48.0,501,8640.406916
152.25,501,8646.32255
52.5,501,8652.233951
43.5,501,8658.247162
168.25,501,8664.267111
169.25,501,8670.226212
196.0,501,8676.228626
175.75,501,8682.250577
209.0,501,8688.312411
193.25,501,8694.33229
201.25,501,8700.39172
205.0,501,8706.433273
136.5,501,8712.468374
202.5,501,8718.534941
197.5,501,8724.559247
156.0,501,8730.54255
126.5,501,8736.502946
114.5,501,8742.489616
133.5,501,8748.489843
127.5,501,8754.482395
208.75,501,8760.539187
157.0,501,8766.558787
68.25,501,8772.560349
54.0,501,8778.527287
55.75,501,8784.481702
138.0,501,8790.384435
167.25,501,8796.286161
154.25,501,8802.240525
118.75,501,8808.226059
13.5,501,8814.192875
87.0,501,8820.12124
155.0,501,8826.105941
123.75,501,8832.068379
125.5,501,8838.056049
127.75,501,8844.037097
93.0,501,8849.99404
127.75,501,8855.979269
127.0,501,8861.921945
137.25,501,8867.940009
156.0,501,8873.984689
152.25,501,8880.005501
188.25,501,8885.97441
116.75,501,8892.043832
161.0,501,8898.106072
151.0,501,8904.151276
135.0,501,8910.200368
101.25,501,8916.231782
145.5,501,8922.271817
53.75,501,8928.244839
172.0,501,8934.320525
107.5,501,8940.412188
94.5,501,8946.412532
109.5,501,8952.448754
120.0,501,8958.418805
155.5,501,8964.415897
126.25,501,8970.461845
128.5,501,8976.495845
149.75,501,8982.544356
225.0,501,8988.620327
182.75,501,8994.632785
136.0,501,9000.671615
211.75,501,9006.753276
93.5,501,9012.695612
151.0,501,9018.679694
135.75,501,9024.702774
0.0,501,9030.530399
188.75,501,9036.346662
115.5,501,9042.282835
70.75,501,9048.266611
115.25,501,9054.365122
121.75,501,9060.32091
130.0,501,9066.368546
135.0,501,9072.47872
171.0,501,9078.585334
180.75,501,9084.683719
196.5,501,9090.784284
72.0,501,9096.851404
112.75,501,9102.974891
150.5,501,9109.075866
153.0,501,9115.154703
248.75,501,9121.235452
174.5,501,9127.257016
149.0,501,9133.32838
152.0,501,9139.40274
123.75,501,9145.441523
124.0,501,9151.512728
84.25,501,9157.500474
135.0,501,9163.492306
157.25,501,9169.479646
137.0,501,9175.481943
83.5,501,9181.480556
101.25,501,9187.502627
89.0,501,9193.448473
87.75,501,9199.457087
126.5,501,9205.440209
102.0,501,9211.379022
77.25,501,9217.393744
148.0,501,9223.463491
174.25,501,9229.607637
148.0,501,9235.642115
140.75,501,9241.702927
145.0,501,9247.749615
141.5,501,9253.80572
154.75,501,9259.821686
127.5,501,9265.835389
152.25,501,9271.852487
171.25,501,9277.891352
125.75,501,9283.88244
70.75,501,9289.900702
111.25,501,9295.94371
164.0,501,9301.964034
145.25,501,9308.044286
144.75,501,9314.119779
166.25,501,9320.182213
164.5,501,9326.200609
131.25,501,9332.298432
135.5,501,9338.303051
108.75,501,9344.273759
157.0,501,9350.304333
153.5,501,9356.338547
74.0,501,9362.330882
115.75,501,9368.304244
121.25,501,9374.282891
90.75,501,9380.242893
101.5,501,9386.207019
82.5,501,9392.109703
106.0,501,9398.042145
124.0,501,9404.055755
92.0,501,9410.075189
20.0,501,9416.169159
120.75,501,9422.176956
150.0,501,9428.217442
36.25,501,9434.129253
112.25,501,9440.099235
82.25,501,9446.090096
61.5,501,9451.96874
92.5,501,9457.908331
125.0,501,9463.849538
76.75,501,9469.821782
80.5,501,9475.752549
91.5,501,9481.729306
142.25,501,9487.634634
87.25,501,9493.553683
69.25,501,9499.458684
60.0,501,9505.446094
115.25,501,9511.482423
179.0,501,9517.591114
106.5,501,9523.58265
135.25,501,9529.589911
90.0,501,9535.604356
109.5,501,9541.566705
134.25,501,9547.509824
108.75,501,9553.476593
114.5,501,9559.467368
86.75,501,9565.395144
93.5,501,9571.413342
154.25,501,9577.321178
119.0,501,9583.254068
170.0,501,9589.281421
112.0,501,9595.267899
121.0,501,9601.258136
123.75,501,9607.201976
132.25,501,9613.202005
121.0,501,9619.150475
103.75,501,9625.114413
116.25,501,9631.088613
142.5,501,9637.062195
123.25,501,9643.031512
202.5,501,9649.036054
78.75,501,9655.008171
160.5,501,9661.010724
120.0,501,9666.999613
112.75,501,9672.978251
188.75,501,9679.058998
2.0,501,9685.065015
93.5,501,9690.967592
115.0,501,9696.867004
122.5,501,9702.88262
121.25,501,9708.97595
118.0,501,9714.997078
146.0,501,9721.015931
0.0,501,9726.753813
0.0,501,9732.505991
0.0,501,9738.227162
0.0,501,9743.940114
0.0,501,9749.631008
0.0,501,9755.343746
0.0,501,9761.034814
0.0,501,9766.772966
0.0,501,9772.464472
0.0,501,9778.178515
0.0,501,9783.864638
0.0,501,9789.569658
0.0,501,9795.273854
0.0,501,9800.981742
0.0,501,9806.673658
0.0,501,9812.392399
0.0,501,9818.090536
0.0,501,9823.829295
0.0,501,9829.526989
0.0,501,9835.255337
0.0,501,9840.946612
0.0,501,9846.650874
0.0,501,9852.356041
0.0,501,9858.064988
0.0,501,9863.764903
0.0,501,9869.480197
0.0,501,9875.171866
0.0,501,9880.906994
0.0,501,9886.602052
0.0,501,9892.324727
0.0,501,9898.023579
0.0,501,9903.745835
0.0,501,9909.461804
0.0,501,9915.179502
0.0,501,9920.873861
0.0,501,9926.598402
0.0,501,9932.297139
0.0,501,9938.032017
0.0,501,9943.72749
0.0,501,9949.450294
0.0,501,9955.153727
0.0,501,9960.884362
0.0,501,9966.600414
0.0,501,9972.310557
0.0,501,9978.015927
0.0,501,9983.70768
0.0,501,9989.418547
0.0,501,9995.127761
0.0,501,10000.834908
0.0,501,10006.526966
0.0,501,10012.24376
0.0,501,10017.941434
0.0,501,10023.682182
0.0,501,10029.379656
0.0,501,10035.097497
0.0,501,10040.821127
0.0,501,10046.51597
0.0,501,10052.247399
0.0,501,10057.948138
0.0,501,10063.665903
0.0,501,10069.364572
0.0,501,10075.086944
0.0,501,10080.801091
0.0,501,10086.530265
0.0,501,10092.226557
0.0,501,10097.949529
0.0,501,10103.673013
0.0,501,10109.391958
0.0,501,10115.114051
0.0,501,10120.808439
0.0,501,10126.523913
0.0,501,10132.226551
0.0,501,10137.971657
0.0,501,10143.672928
0.0,501,10149.39111
0.0,501,10155.088323
0.0,501,10160.810501
0.0,501,10166.54564
0.0,501,10172.239771
0.0,501,10177.960806
0.0,501,10183.656842
0.0,501,10189.369098
0.0,501,10195.094713
0.0,501,10200.812163
0.0,501,10206.510061
0.0,501,10212.234752
0.0,501,10217.934777
0.0,501,10223.682767
0.0,501,10229.408541
0.0,501,10235.108023
0.0,501,10240.834282
0.0,501,10246.535371
0.0,501,10252.273618
0.0,501,10257.978459
0.0,501,10263.695812
0.0,501,10269.40729
0.0,501,10275.133979
0.0,501,10280.85128
0.0,501,10286.580028
0.0,501,10292.30756
0.0,501,10298.016241
0.0,501,10303.741623
0.0,501,10309.455318
0.0,501,10315.187604
0.0,501,10320.88969
0.0,501,10326.606679
0.0,501,10332.302683
0.0,501,10338.032969
0.0,501,10343.739035
0.0,501,10349.468855
0.0,501,10355.191929
0.0,501,10360.8922
0.0,501,10366.627273
0.0,501,10372.331275
0.0,501,10378.050296
0.0,501,10383.749717
0.0,501,10389.460285
0.0,501,10395.182558
0.0,501,10400.900964
0.0,501,10406.608142
0.0,501,10412.329146
0.0,501,10418.062497
0.0,501,10424.016236
0.0,501,10429.719236
0.0,501,10435.43367
0.0,501,10441.133664
0.0,501,10446.851038
0.0,501,10452.570209
0.0,501,10458.294865
0.0,501,10464.001484
0.0,501,10469.724086
0.0,501,10475.444646
0.0,501,10481.169153
0.0,501,10486.880602
0.0,501,10492.589289
0.0,501,10498.306956
0.0,501,10504.00465
0.0,501,10509.738506
0.0,501,10515.432864
0.0,501,10521.14974
0.0,501,10526.855423
0.0,501,10532.580967
0.0,501,10538.329311
0.0,501,10544.044538
0.0,501,10549.800763
0.0,501,10555.510867
0.0,501,10561.227657
0.0,501,10566.947451
0.0,501,10572.666147
0.0,501,10578.374856
0.0,501,10584.105999
0.0,501,10589.822308
0.0,501,10595.571748
0.0,501,10601.302788
0.0,501,10607.013449
0.0,501,10612.747251
0.0,501,10618.457241
0.0,501,10624.199355
0.0,501,10629.903481
0.0,501,10635.629052
0.0,501,10641.337125
0.0,501,10647.054964
0.0,501,10652.781197
0.0,501,10658.507443
0.0,501,10664.23726
0.0,501,10669.944499
0.0,501,10675.684996
0.0,501,10681.413346
0.0,501,10687.140791
0.0,501,10692.84696
0.0,501,10698.566378
0.0,501,10704.269277
0.0,501,10710.006101
0.0,501,10715.710964
0.0,501,10721.433066
0.0,501,10727.161822
0.0,501,10732.869619
0.0,501,10738.624125
0.0,501,10744.343137
0.0,501,10750.08191
0.0,501,10755.799583
0.0,501,10761.530954
0.0,501,10767.251931
0.0,501,10772.985739
0.0,501,10778.698782
0.0,501,10784.426182
0.0,501,10790.156895
0.0,501,10795.894055
0.0,501,10801.627171
0.0,501,10807.338165
0.0,501,10813.070945
0.0,501,10818.781044
0.0,501,10824.533397
0.0,501,10830.250432
0.0,501,10835.982948
0.0,501,10841.69922
0.0,501,10847.427739
0.0,501,10853.184102
0.0,501,10858.89688
0.0,501,10864.635431
0.0,501,10870.348059
0.0,501,10876.08495
0.0,501,10881.85376
0.0,501,10887.586805
0.0,501,10893.299251
0.0,501,10899.028259
0.0,501,10904.746952
0.0,501,10910.50068
0.0,501,10916.236642
0.0,501,10921.943433
0.0,501,10927.66725
0.0,501,10933.381302
0.0,501,10939.138642
0.0,501,10944.849331
0.0,501,10950.578788
0.0,501,10956.287473
0.0,501,10962.023712
0.0,501,10967.757123
0.0,501,10973.491076
0.0,501,10979.228595
0.0,501,10984.94085
0.0,501,10990.680162
0.0,501,10996.419122
0.0,501,11002.159009
0.0,501,11007.879194
0.0,501,11013.627818
0.0,501,11019.348926
0.0,501,11025.106102
0.0,501,11030.827815
0.0,501,11036.573462
0.0,501,11042.315893
0.0,501,11048.029702
0.0,501,11053.774211
0.0,501,11059.483827
0.0,501,11065.219725
0.0,501,11070.93835
0.0,501,11076.673531
0.0,501,11082.417808
0.0,501,11088.164034
0.0,501,11093.889702
0.0,501,11099.62759
0.0,501,11105.367524
0.0,501,11111.10363
0.0,501,11116.82947
0.0,501,11122.547062
0.0,501,11128.275629
0.0,501,11133.998199
0.0,501,11139.75051
0.0,501,11145.472467
0.0,501,11151.208432
0.0,501,11156.937463
0.0,501,11162.673652
0.0,501,11168.434437
0.0,501,11174.141027
0.0,501,11179.86853
0.0,501,11185.586184
0.0,501,11191.32522
0.0,501,11197.073619
0.0,501,11202.812185
0.0,501,11208.541111
0.0,501,11214.28573
0.0,501,11220.009117
0.0,501,11225.770164
0.0,501,11231.504057
0.0,501,11237.217082
0.0,501,11242.945384
0.0,501,11248.659218
0.0,501,11254.416846
0.0,501,11260.140906
0.0,501,11265.879812
0.0,501,11271.599774
0.0,501,11277.34394
0.0,501,11283.077841
0.0,501,11288.812875
0.0,501,11294.551305
0.0,501,11300.275352
0.0,501,11306.073417
0.0,501,11311.818432
0.0,501,11317.559729
0.0,501,11323.286412
0.0,501,11329.021754
0.0,501,11334.751312
0.0,501,11340.510639
0.0,501,11346.231496
0.0,501,11351.963796
0.0,501,11357.705871
0.0,501,11363.420492
0.0,501,11369.170542
0.0,501,11374.894807
0.0,501,11380.636247
0.0,501,11386.369254
0.0,501,11392.121188
0.0,501,11397.865831
0.0,501,11403.606012
0.0,501,11409.324804
0.0,501,11415.056011
0.0,501,11420.790879
0.0,501,11426.524191
0.0,501,11432.255357
0.0,501,11437.969252
0.0,501,11443.697612
0.0,501,11449.414195
0.0,501,11455.187552
0.0,501,11460.913109
0.0,501,11466.657027
0.0,501,11472.390799
0.0,501,11478.130715
0.0,501,11483.896326
0.0,501,11489.618088
0.0,501,11495.359183
0.0,501,11501.082003
0.0,501,11506.829025
0.0,501,11512.580946
0.0,501,11518.321986
0.0,501,11524.046293
0.0,501,11529.796098
0.0,501,11535.552531
0.0,501,11541.306776
0.0,501,11547.051311
0.0,501,11552.77897
0.0,501,11558.515215
0.0,501,11564.229935
0.0,501,11569.985866
0.0,501,11575.716418
0.0,501,11581.457158
0.0,501,11587.181447
0.0,501,11592.923232
0.0,501,11598.665888
0.0,501,11604.409751
0.0,501,11610.150335
0.0,501,11615.871597
0.0,501,11621.60617
0.0,501,11627.344189
0.0,501,11633.088763
0.0,501,11638.818445
0.0,501,11644.571702
0.0,501,11650.300355
0.0,501,11656.059324
0.0,501,11661.804873
0.0,501,11667.523649
0.0,501,11673.258216
0.0,501,11678.974612
0.0,501,11684.737509
0.0,501,11690.465021
0.0,501,11696.222389
0.0,501,11701.970333
0.0,501,11707.707687
0.0,501,11713.492928
0.0,501,11719.217443
0.0,501,11724.956123
0.0,501,11730.674186
0.0,501,11736.408441
0.0,501,11742.171817
0.0,501,11747.890682
0.0,501,11753.633766
0.0,501,11759.360467
0.0,501,11765.102996
0.0,501,11770.849229
0.0,501,11776.606121
0.0,501,11782.360251
0.0,501,11788.082085
0.0,501,11793.8228
0.0,501,11799.56385
0.0,501,11805.299593
0.0,501,11811.036776
0.0,501,11816.793141
0.0,501,11822.550592
0.0,501,11828.304388
0.0,501,11834.052656
0.0,501,11839.783121
0.0,501,11845.531557
0.0,501,11851.28631
0.0,501,11857.038364
0.0,501,11862.786675
0.0,501,11868.530297
0.0,501,11874.254254
0.0,501,11880.012679
0.0,501,11885.764846
0.0,501,11891.518706
0.0,501,11897.274976
0.0,501,11903.00667
0.0,501,11908.757735
0.0,501,11914.527642
0.0,501,11920.251768
0.0,501,11925.9987
0.0,501,11931.730972
0.0,501,11937.48683
0.0,501,11943.254065
0.0,501,11948.982817
0.0,501,11954.728165
0.0,501,11960.484774
0.0,501,11966.242063
0.0,501,11972.018231
0.0,501,11977.747972
0.0,501,11983.498071
0.0,501,11989.246023
0.0,501,11995.004603
0.0,501,12000.76182
0.0,501,12006.497709
0.0,501,12012.221669
0.0,501,12017.96727
0.0,501,12023.720347
0.0,501,12029.476806
0.0,501,12035.227337
0.0,501,12040.956758
0.0,501,12046.710822
0.0,501,12052.466607
0.0,501,12058.222879
0.0,501,12063.968593
0.0,501,12069.722523
0.0,501,12075.456329
0.0,501,12081.210875
0.0,501,12086.986206
0.0,501,12092.730774
0.0,501,12098.484437
0.0,501,12104.211279
0.0,501,12109.95906
0.0,501,12115.732239
0.0,501,12121.465739
0.0,501,12127.216322
0.0,501,12132.969373
0.0,501,12138.712378
0.0,501,12144.489316
0.0,501,12150.244676
0.0,501,12155.973404
0.0,501,12161.730075
0.0,501,12167.497133
0.0,501,12173.2823
0.0,501,12179.039244
0.0,501,12184.756946
0.0,501,12190.501022
0.0,501,12196.253539
0.0,501,12202.006555
0.0,501,12207.766748
0.0,501,12213.52105
0.0,501,12219.257056
0.0,501,12225.009139
0.0,501,12230.767072
0.0,501,12236.517855
0.0,501,12242.260112
0.0,501,12247.990864
0.0,501,12253.743319
0.0,501,12259.542819
0.0,501,12265.267504
0.0,501,12271.018424
0.0,501,12276.766715
0.0,501,12282.500877
0.0,501,12288.276685
0.0,501,12294.030339
0.0,501,12299.784175
0.0,501,12305.531554
0.0,501,12311.292537
0.0,501,12317.056079
0.0,501,12322.806174
0.0,501,12328.54409
0.0,501,12334.298942
0.0,501,12340.046388
0.0,501,12345.80363
0.0,501,12351.559502
0.0,501,12357.299707
0.0,501,12363.049755
0.0,501,12368.805449
0.0,501,12374.560869
0.0,501,12380.319975
0.0,501,12386.079539
0.0,501,12391.811977
0.0,501,12397.570581
0.0,501,12403.35231
0.0,501,12409.086374
0.0,501,12414.854297
0.0,501,12420.597279
0.0,501,12426.357703
0.0,501,12432.128122
0.0,501,12437.866174
0.0,501,12443.617419
0.0,501,12449.372962
0.0,501,12455.10403
0.0,501,12460.865908
0.0,501,12466.608216
0.0,501,12472.350266
0.0,501,12478.113198
0.0,501,12483.850717
0.0,501,12489.629672
0.0,501,12495.384563
0.0,501,12501.142609
0.0,501,12506.901836
0.0,501,12512.652541
0.0,501,12518.433615
0.0,501,12524.187679
0.0,501,12529.946419
0.0,501,12535.692012
0.0,501,12541.456215
0.0,501,12547.212056
0.0,501,12552.975099
0.0,501,12558.737432
0.0,501,12564.4661
0.0,501,12570.226387
0.0,501,12576.000978
0.0,501,12581.747911
0.0,501,12587.505937
0.0,501,12593.268208
0.0,501,12599.01518
0.0,501,12604.795408
0.0,501,12610.540341
0.0,501,12616.302965
0.0,501,12622.06797
0.0,501,12627.821743
0.0,501,12633.604007
0.0,501,12639.36541
0.0,501,12645.111601
0.0,501,12650.871366
0.0,501,12656.635251
0.0,501,12662.400387
0.0,501,12668.15599
0.0,501,12673.906365
0.0,501,12679.666359
0.0,501,12685.422277
0.0,501,12691.184131
0.0,501,12696.946973
0.0,501,12702.717879
0.0,501,12708.460142
0.0,501,12714.230854
0.0,501,12720.01422
0.0,501,12725.755665
0.0,501,12731.514594
0.0,501,12737.256443
0.0,501,12743.024467
0.0,501,12748.811315
0.0,501,12754.552187
0.0,501,12760.307445
0.0,501,12766.075324
0.0,501,12771.817549
0.0,501,12777.598798
0.0,501,12783.362582
0.0,501,12789.095911
0.0,501,12794.868016
0.0,501,12800.614069
0.0,501,12806.396072
0.0,501,12812.152363
0.0,501,12817.889511
0.0,501,12823.657672
0.0,501,12829.41907
0.0,501,12835.182875
0.0,501,12840.958581
0.0,501,12846.719907
0.0,501,12852.46378
0.0,501,12858.229239
0.0,501,12864.000833
0.0,501,12869.763283
0.0,501,12875.531822
0.0,501,12881.276737
0.0,501,12887.047437
0.0,501,12892.844061
0.0,501,12898.600929
0.0,501,12904.369829
0.0,501,12910.131145
0.0,501,12915.878229
0.0,501,12921.669697
0.0,501,12927.421406
0.0,501,12933.187414
0.0,501,12938.958103
0.0,501,12944.706723
0.0,501,12950.497782
0.0,501,12956.260411
0.0,501,12962.00098
0.0,501,12967.763688
0.0,501,12973.526636
0.0,501,12979.313178
0.0,501,12985.068011
0.0,501,12990.809852
0.0,501,12996.575142
0.0,501,13002.339626
0.0,501,13008.107741
0.0,501,13013.879897
0.0,501,13019.653989
0.0,501,13025.408186
0.0,501,13031.175666
0.0,501,13036.955708
0.0,501,13042.701663
0.0,501,13048.461224
0.0,501,13054.226294
0.0,501,13060.005304
0.0,501,13065.791217
0.0,501,13071.542854
0.0,501,13077.315629
0.0,501,13083.080864
0.0,501,13088.833834
0.0,501,13094.621861
0.0,501,13100.396244
0.0,501,13106.148946
0.0,501,13111.920738
0.0,501,13117.673401
0.0,501,13123.460532
0.0,501,13129.218486
0.0,501,13134.967054
0.0,501,13140.736288
0.0,501,13146.513835
0.0,501,13152.28693
0.0,501,13158.054516
0.0,501,13163.821944
0.0,501,13169.567131
0.0,501,13175.331511
0.0,501,13181.093803
0.0,501,13186.854211
0.0,501,13192.63445
0.0,501,13198.384139
0.0,501,13204.157193
0.0,501,13209.948163
0.0,501,13215.706792
0.0,501,13221.470049
0.0,501,13227.229328
0.0,501,13232.971573
0.0,501,13238.746185
0.0,501,13244.497827
0.0,501,13250.269023
0.0,501,13256.044446
0.0,501,13261.796234
0.0,501,13267.589066
0.0,501,13273.357969
0.0,501,13279.113281
0.0,501,13284.886497
0.0,501,13290.660214
0.0,501,13296.711893
0.0,501,13302.464837
0.0,501,13308.23169
0.0,501,13313.997069
0.0,501,13319.737621
0.0,501,13325.530982
0.0,501,13331.302934
0.0,501,13337.056162
0.0,501,13342.824849
0.0,501,13348.601849
0.0,501,13354.367504
0.0,501,13360.13866
0.0,501,13365.881597
0.0,501,13371.640191
0.0,501,13377.409681
0.0,501,13383.171489
0.0,501,13388.939958
0.0,501,13394.708313
0.0,501,13400.460176
0.0,501,13406.229119
0.0,501,13412.027442
0.0,501,13417.779982
0.0,501,13423.549864
0.0,501,13429.303037
0.0,501,13435.071546
0.0,501,13440.854934
0.0,501,13446.598443
0.0,501,13452.368307
0.0,501,13458.145861
0.0,501,13463.905683
0.0,501,13469.709064
0.0,501,13475.483783
0.0,501,13481.238097
0.0,501,13487.004272
0.0,501,13492.766399
0.0,501,13498.557684
0.0,501,13504.342351
0.0,501,13510.0929
0.0,501,13515.867582
0.0,501,13521.636156
0.0,501,13527.405596
0.0,501,13533.177033
0.0,501,13538.9513
0.0,501,13544.703706
0.0,501,13550.48061
0.0,501,13556.249388
0.0,501,13562.023356
0.0,501,13567.791171
0.0,501,13573.53609
0.0,501,13579.302809
0.0,501,13585.090649
0.0,501,13590.836467
0.0,501,13596.615834
0.0,501,13602.387166
0.0,501,13608.136281
0.0,501,13613.937547
0.0,501,13619.690011
0.0,501,13625.465424
0.0,501,13631.247888
0.0,501,13636.994183
0.0,501,13642.785464
0.0,501,13648.555263
0.0,501,13654.307982
0.0,501,13660.089339
0.0,501,13665.883614
0.0,501,13671.659372
0.0,501,13677.442845
0.0,501,13683.230435
0.0,501,13689.019099
0.0,501,13694.790669
0.0,501,13700.582088
0.0,501,13706.330409
0.0,501,13712.105399
0.0,501,13717.8804
0.0,501,13723.643469
0.0,501,13729.445133
0.0,501,13735.233459
0.0,501,13740.988821
0.0,501,13746.765912
0.0,501,13752.534534
0.0,501,13758.315771
0.0,501,13764.097175
0.0,501,13769.880642
0.0,501,13775.649275
0.0,501,13781.426689
0.0,501,13787.232421
0.0,501,13793.000662
0.0,501,13798.779693
0.0,501,13804.572388
0.0,501,13810.345959
0.0,501,13816.138427
0.0,501,13821.921217
0.0,501,13827.688095
0.0,501,13833.468468
0.0,501,13839.232511
0.0,501,13845.035079
0.0,501,13850.831377
0.0,501,13856.607372
0.0,501,13862.388787
0.0,501,13868.167792
0.0,501,13873.973846
0.0,501,13879.72938
0.0,501,13885.50133
0.0,501,13891.283167
0.0,501,13897.046594
0.0,501,13902.845151
0.0,501,13908.618276
0.0,501,13914.4088
0.0,501,13920.173693
0.0,501,13925.954684
0.0,501,13931.764086
0.0,501,13937.52825
0.0,501,13943.312358
0.0,501,13949.104523
0.0,501,13954.882107
0.0,501,13960.666167
0.0,501,13966.448897
0.0,501,13972.243408
0.0,501,13978.018215
0.0,501,13983.800187
0.0,501,13989.615101
0.0,501,13995.409348
0.0,501,14001.177851
0.0,501,14006.976894
0.0,501,14012.768505
0.0,501,14018.571798
0.0,501,14024.337558
0.0,501,14030.12204
0.0,501,14035.916707
0.0,501,14041.687958
0.0,501,14047.491097
0.0,501,14053.279319
0.0,501,14059.071917
0.0,501,14064.844463
0.0,501,14070.620578
0.0,501,14076.416927
0.0,501,14082.195206
0.0,501,14087.96515
0.0,501,14093.744191
0.0,501,14099.529116
0.0,501,14105.311275
0.0,501,14111.099677
0.0,501,14116.896604
0.0,501,14122.70249
0.0,501,14128.478352
0.0,501,14134.294866
0.0,501,14140.08752
0.0,501,14145.867453
0.0,501,14151.63676
0.0,501,14157.417239
0.0,501,14163.227727
0.0,501,14169.005035
0.0,501,14174.792393
0.0,501,14180.590154
0.0,501,14186.389486
0.0,501,14192.180367
0.0,501,14197.965687
0.0,501,14203.756671
0.0,501,14209.545789
0.0,501,14215.325023
0.0,501,14221.130221
0.0,501,14226.915435
0.0,501,14232.678694
0.0,501,14238.471663
0.0,501,14244.255329
0.0,501,14250.071987
0.0,501,14255.840603
0.0,501,14261.634815
0.0,501,14267.425889
0.0,501,14273.220993
0.0,501,14279.017457
0.0,501,14284.810623
0.0,501,14290.590499
0.0,501,14296.350054
0.0,501,14302.133278
0.0,501,14307.937673
0.0,501,14313.735705
0.0,501,14319.510999
0.0,501,14325.307394
0.0,501,14331.107479
0.0,501,14336.927572
0.0,501,14342.699489
0.0,501,14348.494679
0.0,501,14354.28293
0.0,501,14360.04492
0.0,501,14365.851174
0.0,501,14371.640132
0.0,501,14377.436126
0.0,501,14383.211334
0.0,501,14388.998411
0.0,501,14394.81423
0.0,501,14400.609619
0.0,501,14406.384071
0.0,501,14412.173278
0.0,501,14417.969484
0.0,501,14423.763008
0.0,501,14429.545338
0.0,501,14435.323612
0.0,501,14441.106359
0.0,501,14446.869221
0.0,501,14452.688768
0.0,501,14458.489555
0.0,501,14464.279024
0.0,501,14470.052729
0.0,501,14475.849331
0.0,501,14481.674574
0.0,501,14487.476807
0.0,501,14493.266228
0.0,501,14499.04059
0.0,501,14504.824991
0.0,501,14510.615683
0.0,501,14516.414078
0.0,501,14522.205686
0.0,501,14527.993663
0.0,501,14533.762214
0.0,501,14539.564126
0.0,501,14545.344017
0.0,501,14551.107612
0.0,501,14556.902734
0.0,501,14562.700285
0.0,501,14568.519278
0.0,501,14574.305163
0.0,501,14580.09954
0.0,501,14585.889132
0.0,501,14591.673503
0.0,501,14597.461049
0.0,501,14603.245115
0.0,501,14609.031381
0.0,501,14614.793666
0.0,501,14620.576367
0.0,501,14626.378182
0.0,501,14632.200887
0.0,501,14637.983983
0.0,501,14643.787078
0.0,501,14649.589646
0.0,501,14655.409765
0.0,501,14661.185122
0.0,501,14666.972141
0.0,501,14672.75836
0.0,501,14678.518774
0.0,501,14684.333925
0.0,501,14690.130804
0.0,501,14695.92907
0.0,501,14701.706941
0.0,501,14707.504863
0.0,501,14713.320377
0.0,501,14719.124045
0.0,501,14724.913127
0.0,501,14730.7077
0.0,501,14736.49848
0.0,501,14742.288967
0.0,501,14748.113588
0.0,501,14753.917038
0.0,501,14759.711857
0.0,501,14765.490811
0.0,501,14771.316638
0.0,501,14777.120881
0.0,501,14782.913881
0.0,501,14788.686631
0.0,501,14794.477283
0.0,501,14800.284942
0.0,501,14806.053009
0.0,501,14811.850057
0.0,501,14817.647012
0.0,501,14823.434817
0.0,501,14829.218922
0.0,501,14835.030962
0.0,501,14840.824145
0.0,501,14846.625892
0.0,501,14852.448554
0.0,501,14858.259864
0.0,501,14864.055524
0.0,501,14869.819833
0.0,501,14875.613994
0.0,501,14881.408728
0.0,501,14887.223023
0.0,501,14893.009805
0.0,501,14898.809903
0.0,501,14904.619592
0.0,501,14910.423417
0.0,501,14916.21839
0.0,501,14922.006553
0.0,501,14927.800623
0.0,501,14933.587248
0.0,501,14939.394708
0.0,501,14945.22216
0.0,501,14951.03178
0.0,501,14956.812218
0.0,501,14962.619813
0.0,501,14968.422006
0.0,501,14974.23947
0.0,501,14980.01948
0.0,501,14985.821319
0.0,501,14991.622955
0.0,501,14997.415543
0.0,501,15003.23845
0.0,501,15009.040734
0.0,501,15014.8508
0.0,501,15020.632922
0.0,501,15026.437266
0.0,501,15032.265065
0.0,501,15038.071467
0.0,501,15043.849832
0.0,501,15049.646112
0.0,501,15055.452278
0.0,501,15061.248246
0.0,501,15067.058757
0.0,501,15072.8597
0.0,501,15078.674113
0.0,501,15084.463572
0.0,501,15090.280501
0.0,501,15096.087125
0.0,501,15101.88957
0.0,501,15107.661583
0.0,501,15113.465602
0.0,501,15119.283519
0.0,501,15125.056068
0.0,501,15130.843101
0.0,501,15136.636045
0.0,501,15142.438895
0.0,501,15148.241141
0.0,501,15154.047112
0.0,501,15159.851269
0.0,501,15165.654124
0.0,501,15171.427705
0.0,501,15177.252796
0.0,501,15183.045839
0.0,501,15188.817702
0.0,501,15194.634229
0.0,501,15200.439076
0.0,501,15206.25557
0.0,501,15212.041991
0.0,501,15217.850039
0.0,501,15223.660743
0.0,501,15229.46475
0.0,501,15235.264285
0.0,501,15241.062334
0.0,501,15246.86933
0.0,501,15252.646388
0.0,501,15258.442552
0.0,501,15264.257622
0.0,501,15270.050047
0.0,501,15275.818333
0.0,501,15281.624428
0.0,501,15287.43451
0.0,501,15293.271117
0.0,501,15299.05637
0.0,501,15304.856106
0.0,501,15310.646012
0.0,501,15316.419819
0.0,501,15322.231969
0.0,501,15328.031842
0.0,501,15333.83392
0.0,501,15339.620926
0.0,501,15345.428155
0.0,501,15351.257646
0.0,501,15357.074135
0.0,501,15362.854713
0.0,501,15368.655113
0.0,501,15374.458586
0.0,501,15380.254264
0.0,501,15386.058441
0.0,501,15391.864957
0.0,501,15397.672221
0.0,501,15403.469463
0.0,501,15409.296065
0.0,501,15415.101212
0.0,501,15420.902361
0.0,501,15426.674995
0.0,501,15432.48471
0.0,501,15438.301717
0.0,501,15444.081641
0.0,501,15449.881529
0.0,501,15455.687038
0.0,501,15461.499762
0.0,501,15467.305224
0.0,501,15473.151686
0.0,501,15478.976006
0.0,501,15484.785343
0.0,501,15490.561485
0.0,501,15496.369663
0.0,501,15502.163769
0.0,501,15507.93956
0.0,501,15513.754805
0.0,501,15519.568944
0.0,501,15525.402807
0.0,501,15531.196048
0.0,501,15537.014744
0.0,501,15542.822792
0.0,501,15548.636066
0.0,501,15554.447573
0.0,501,15560.256931
0.0,501,15566.062827
0.0,501,15571.84167
0.0,501,15577.646503
0.0,501,15583.46714
0.0,501,15589.28818
0.0,501,15595.081282
0.0,501,15600.891382
0.0,501,15606.71482
0.0,501,15612.547506
0.0,501,15618.341441
0.0,501,15624.145323
0.0,501,15629.957134
0.0,501,15635.731999
0.0,501,15641.556599
0.0,501,15647.351736
0.0,501,15653.155206
0.0,501,15658.951159
0.0,501,15664.758631
0.0,501,15670.590458
0.0,501,15676.410434
0.0,501,15682.201561
0.0,501,15688.02217
0.0,501,15693.843366
0.0,501,15699.651586
0.0,501,15705.451939
0.0,501,15711.258569
0.0,501,15717.073422
0.0,501,15722.863396
0.0,501,15728.694834
0.0,501,15734.506004
0.0,501,15740.319069
0.0,501,15746.114262
0.0,501,15751.926594
0.0,501,15757.761716
0.0,501,15763.583714
0.0,501,15769.373713
0.0,501,15775.189048
0.0,501,15780.994005
0.0,501,15786.827199
0.0,501,15792.605733
0.0,501,15798.420863
0.0,501,15804.23972
0.0,501,15810.055289
0.0,501,15815.858445
0.0,501,15821.672745
0.0,501,15827.484452
0.0,501,15833.323737
0.0,501,15839.108656
0.0,501,15844.939495
0.0,501,15850.745656
0.0,501,15856.558487
0.0,501,15862.335154
0.0,501,15868.138044
0.0,501,15873.965716
0.0,501,15879.779111
0.0,501,15885.574556
0.0,501,15891.394305
0.0,501,15897.223748
0.0,501,15903.059591
0.0,501,15908.871708
0.0,501,15914.651423
0.0,501,15920.465656
0.0,501,15926.27188
0.0,501,15932.103374
0.0,501,15937.915377
0.0,501,15943.70786
0.0,501,15949.526318
0.0,501,15955.353296
0.0,501,15961.196379
0.0,501,15967.015367
0.0,501,15972.81435
0.0,501,15978.631943
0.0,501,15984.44348
0.0,501,15990.281609
0.0,501,15996.091237
0.0,501,16001.884619
0.0,501,16007.701465
0.0,501,16013.530011
0.0,501,16019.372281
0.0,501,16025.226693
0.0,501,16031.030591
0.0,501,16036.835428
0.0,501,16042.640667
0.0,501,16048.465279
0.0,501,16054.263951
0.0,501,16060.070068
0.0,501,16065.858334
0.0,501,16071.669821
0.0,501,16077.500602
0.0,501,16083.308734
0.0,501,16089.136413
0.0,501,16094.936404
0.0,501,16100.750875
0.0,501,16106.581594
0.0,501,16112.388341
0.0,501,16118.19761
0.0,501,16123.9991
0.0,501,16129.786091
0.0,501,16135.621668
0.0,501,16141.447716
0.0,501,16147.261117
0.0,501,16153.075948
0.0,501,16158.869479
0.0,501,16164.700197
0.0,501,16170.503227
0.0,501,16176.322708
0.0,501,16182.141423
0.0,501,16187.955013
0.0,501,16194.097634
0.0,501,16199.916393
0.0,501,16205.737623
0.0,501,16211.54662
0.0,501,16217.343762
0.0,501,16223.167177
0.0,501,16228.973776
0.0,501,16234.78924
0.0,501,16240.606431
0.0,501,16246.42602
0.0,501,16252.250196
0.0,501,16258.071819
0.0,501,16263.898028
0.0,501,16269.719548
0.0,501,16275.543982
0.0,501,16281.363626
0.0,501,16287.178355
0.0,501,16292.994052
0.0,501,16298.811581
0.0,501,16304.635703
0.0,501,16310.471473
0.0,501,16316.285123
0.0,501,16322.099399
0.0,501,16327.917748
0.0,501,16333.750161
0.0,501,16339.589708
0.0,501,16345.384768
0.0,501,16351.194821
0.0,501,16357.006871
0.0,501,16362.817522
0.0,501,16368.643914
0.0,501,16374.454031
0.0,501,16380.247838
0.0,501,16386.05471
0.0,501,16391.866923
0.0,501,16397.702292
0.0,501,16403.522044
0.0,501,16409.325391
0.0,501,16415.147581
0.0,501,16420.969814
0.0,501,16426.802486
0.0,501,16432.62174
0.0,501,16438.431894
0.0,501,16444.226102
0.0,501,16450.045533
0.0,501,16455.915577
0.0,501,16461.748521
0.0,501,16467.574884
0.0,501,16473.380004
0.0,501,16479.239847
0.0,501,16485.084124
0.0,501,16490.901933
0.0,501,16496.735471
0.0,501,16502.568423
0.0,501,16508.355413
0.0,501,16514.180313
0.0,501,16519.997747
0.0,501,16525.825066
0.0,501,16531.652951
0.0,501,16537.459118
0.0,501,16543.290654
0.0,501,16549.116957
0.0,501,16554.9434
0.0,501,16560.761808
0.0,501,16566.585047
0.0,501,16572.39975
0.0,501,16578.211794
0.0,501,16584.032151
0.0,501,16589.847774
0.0,501,16595.6706
0.0,501,16601.495803
0.0,501,16607.347818
0.0,501,16613.176234
0.0,501,16619.00686
0.0,501,16624.863626
0.0,501,16630.706439
0.0,501,16636.500014
0.0,501,16642.31369
0.0,501,16648.134346
0.0,501,16653.961318
0.0,501,16659.807767
0.0,501,16665.622521
0.0,501,16671.479311
0.0,501,16677.3111
0.0,501,16683.143067
0.0,501,16688.995942
0.0,501,16694.824213
0.0,501,16700.633056
0.0,501,16706.452196
0.0,501,16712.273208
0.0,501,16718.10283
0.0,501,16723.921844
0.0,501,16729.720352
0.0,501,16735.551033
0.0,501,16741.370143
0.0,501,16747.213891
0.0,501,16753.041584
0.0,501,16758.871293
0.0,501,16764.665993
0.0,501,16770.477855
0.0,501,16776.31195
0.0,501,16782.131701
0.0,501,16787.953926
0.0,501,16793.750354
0.0,501,16799.563447
0.0,501,16805.405194
0.0,501,16811.233369
0.0,501,16817.063906
0.0,501,16822.894361
0.0,501,16828.705518
0.0,501,16834.543332
0.0,501,16840.358567
0.0,501,16846.179781
0.0,501,16852.005042
0.0,501,16857.80858
0.0,501,16863.662626
0.0,501,16869.491649
0.0,501,16875.324692
0.0,501,16881.153475
0.0,501,16886.981529
0.0,501,16892.810478
0.0,501,16898.6361
0.0,501,16904.47342
0.0,501,16910.294024
0.0,501,16916.122741
0.0,501,16921.937237
0.0,501,16927.760954
0.0,501,16933.58214
0.0,501,16939.40967
0.0,501,16945.240861
0.0,501,16951.094603
0.0,501,16956.906545
0.0,501,16962.734963
0.0,501,16968.560035
0.0,501,16974.388473
0.0,501,16980.236453
0.0,501,16986.036056
0.0,501,16991.865157
0.0,501,16997.697538
0.0,501,17003.521989
0.0,501,17009.375613
0.0,501,17015.208531
0.0,501,17021.012334
0.0,501,17026.838153
0.0,501,17032.679869
0.0,501,17038.525104
0.0,501,17044.354223
0.0,501,17050.168065
0.0,501,17056.00375
0.0,501,17061.834437
0.0,501,17067.693394
0.0,501,17073.528697
0.0,501,17079.359087
0.0,501,17085.160276
0.0,501,17090.983017
0.0,501,17096.836871
0.0,501,17102.66494
0.0,501,17108.488779
0.0,501,17114.295026
0.0,501,17120.123918
0.0,501,17125.982761
0.0,501,17131.816152
0.0,501,17137.64807
0.0,501,17143.479855
0.0,501,17149.290634
0.0,501,17155.128745
0.0,501,17160.95024
0.0,501,17166.781574
0.0,501,17172.617395
0.0,501,17178.432236
0.0,501,17184.284311
0.0,501,17190.122957
0.0,501,17195.963094
0.0,501,17201.797646
0.0,501,17207.631912
0.0,501,17213.470605
0.0,501,17219.300937
0.0,501,17225.130827
0.0,501,17230.958155
0.0,501,17236.785265
0.0,501,17242.604864
0.0,501,17248.435442
0.0,501,17254.271567
0.0,501,17260.108412
0.0,501,17265.942845
0.0,501,17271.807725
0.0,501,17277.625529
0.0,501,17283.453294
0.0,501,17289.27972
0.0,501,17295.108255
0.0,501,17300.961585
0.0,501,17306.771075
0.0,501,17312.595007
0.0,501,17318.426599
0.0,501,17324.254107
0.0,501,17330.104972
0.0,501,17335.947375
0.0,501,17341.760743
0.0,501,17347.591461
0.0,501,17353.427
0.0,501,17359.273479
0.0,501,17365.097092
0.0,501,17370.903344
0.0,501,17376.729862
0.0,501,17382.562806
0.0,501,17388.423172
0.0,501,17394.275093
0.0,501,17400.117175
0.0,501,17405.935443
0.0,501,17411.774356
0.0,501,17417.629956
0.0,501,17423.481746
0.0,501,17429.31713
0.0,501,17435.126339
0.0,501,17440.974687
0.0,501,17446.822108
0.0,501,17452.65729
0.0,501,17458.507022
0.0,501,17464.35175
0.0,501,17470.169931
0.0,501,17476.024597
0.0,501,17481.851229
0.0,501,17487.68926
0.0,501,17493.524185
0.0,501,17499.325846
0.0,501,17505.173724
0.0,501,17510.996468
0.0,501,17516.832415
0.0,501,17522.669196
0.0,501,17528.502573
0.0,501,17534.329619
0.0,501,17540.16307
0.0,501,17546.001024
0.0,501,17551.846841
0.0,501,17557.687597
0.0,501,17563.519002
0.0,501,17569.352284
0.0,501,17575.197059
0.0,501,17581.032789
0.0,501,17586.874509
0.0,501,17592.737556
0.0,501,17598.559207
0.0,501,17604.403835
0.0,501,17610.255985
0.0,501,17616.101969
0.0,501,17621.963091
0.0,501,17627.779241
0.0,501,17633.623436
0.0,501,17639.46855
0.0,501,17645.299577
0.0,501,17651.151246
0.0,501,17656.990364
0.0,501,17662.808916
0.0,501,17668.652637
0.0,501,17674.495955
0.0,501,17680.353597
0.0,501,17686.192361
0.0,501,17692.011146
0.0,501,17697.846378
0.0,501,17703.678522
0.0,501,17709.525856
0.0,501,17715.35304
0.0,501,17721.191199
0.0,501,17727.005932
0.0,501,17732.837764
0.0,501,17738.700116
0.0,501,17744.544444
0.0,501,17750.425598
0.0,501,17756.254356
0.0,501,17762.09796
0.0,501,17767.957862
0.0,501,17773.794196
0.0,501,17779.623728
0.0,501,17785.457178
0.0,501,17791.274007
0.0,501,17797.135696
0.0,501,17802.978268
0.0,501,17808.81306
0.0,501,17814.660124
0.0,501,17820.506629
0.0,501,17826.339102
0.0,501,17832.169512
0.0,501,17838.001979
0.0,501,17843.838658
0.0,501,17849.680445
0.0,501,17855.570391
0.0,501,17861.39434
0.0,501,17867.235952
0.0,501,17873.074147
0.0,501,17878.909293
0.0,501,17884.772497
0.0,501,17890.606453
0.0,501,17896.429641
0.0,501,17902.281698
0.0,501,17908.127303
0.0,501,17913.987778
0.0,501,17919.828747
0.0,501,17925.680708
0.0,501,17931.528076
0.0,501,17937.378332
0.0,501,17943.239759
0.0,501,17949.065843
0.0,501,17954.906826
0.0,501,17960.740378
0.0,501,17966.574689
0.0,501,17972.432452
0.0,501,17978.276065
0.0,501,17984.114954
0.0,501,17989.952655
0.0,501,17995.80133
0.0,501,18001.670637
0.0,501,18007.488329
0.0,501,18013.325532
0.0,501,18019.162723
0.0,501,18024.998806
0.0,501,18030.866993
0.0,501,18036.70097
0.0,501,18042.533166
0.0,501,18048.376256
0.0,501,18054.230303
0.0,501,18060.104874
0.0,501,18065.930285
0.0,501,18071.778878
0.0,501,18077.63811
0.0,501,18083.477132
0.0,501,18089.33278
0.0,501,18095.166449
0.0,501,18101.005505
0.0,501,18106.850935
0.0,501,18112.706824
0.0,501,18118.57234
0.0,501,18124.41589
0.0,501,18130.258699
0.0,501,18136.106778
0.0,501,18141.959439
0.0,501,18147.826644
0.0,501,18153.703416
0.0,501,18159.545909
0.0,501,18165.394183
0.0,501,18171.239752
0.0,501,18177.115155
0.0,501,18182.963451
0.0,501,18188.804487
0.0,501,18194.632747
0.0,501,18200.482411
0.0,501,18206.345202
0.0,501,18212.191033
0.0,501,18218.029035
0.0,501,18223.869623
0.0,501,18229.714154
0.0,501,18235.59507
0.0,501,18241.450972
0.0,501,18247.305321
0.0,501,18253.146463
0.0,501,18258.98058
0.0,501,18264.856164
0.0,501,18270.694552
0.0,501,18276.534607
0.0,501,18282.376669
0.0,501,18288.223116
0.0,501,18294.107229
0.0,501,18299.961574
0.0,501,18305.8128
0.0,501,18311.665077
0.0,501,18317.508239
0.0,501,18323.357846
0.0,501,18329.198759
0.0,501,18335.042072
0.0,501,18340.881094
0.0,501,18346.726476
0.0,501,18352.60243
0.0,501,18358.453339
0.0,501,18364.306891
0.0,501,18370.164376
0.0,501,18376.022573
0.0,501,18381.889123
0.0,501,18387.734509
0.0,501,18393.612329
0.0,501,18399.455477
0.0,501,18405.302773
0.0,501,18411.176565
0.0,501,18417.038313
0.0,501,18422.888627
0.0,501,18428.759609
0.0,501,18434.617833
0.0,501,18440.489555
0.0,501,18446.333206
0.0,501,18452.162536
0.0,501,18458.027358
0.0,501,18463.868834
0.0,501,18469.726904
0.0,501,18475.57417
0.0,501,18481.416312
0.0,501,18487.262249
0.0,501,18493.108112
0.0,501,18498.979812
0.0,501,18504.836973
0.0,501,18510.679711
0.0,501,18516.511317
0.0,501,18522.356349
0.0,501,18528.221455
0.0,501,18534.064596
0.0,501,18539.927362
0.0,501,18545.769875
0.0,501,18551.61846
0.0,501,18557.489039
0.0,501,18563.339139
0.0,501,18569.200703
0.0,501,18575.063253
0.0,501,18580.90944
0.0,501,18586.782253
0.0,501,18592.638457
0.0,501,18598.488829
0.0,501,18604.33261
0.0,501,18610.178312
0.0,501,18616.046916
0.0,501,18621.905991
0.0,501,18627.761879
0.0,501,18633.623767
0.0,501,18639.488262
0.0,501,18645.342953
0.0,501,18651.196632
0.0,501,18657.053745
0.0,501,18662.907824
0.0,501,18668.765799
0.0,501,18674.646104
0.0,501,18680.506794
0.0,501,18686.360773
0.0,501,18692.21653
0.0,501,18698.068739
0.0,501,18703.937265
0.0,501,18709.764993
0.0,501,18715.613087
0.0,501,18721.46742
0.0,501,18727.323459
0.0,501,18733.202635
0.0,501,18739.067514
0.0,501,18744.935649
0.0,501,18750.794526
0.0,501,18756.656621
0.0,501,18762.544777
0.0,501,18768.402596
0.0,501,18774.251592
0.0,501,18780.10659
0.0,501,18785.953337
0.0,501,18791.821559
0.0,501,18797.67927
0.0,501,18803.540387
0.0,501,18809.402294
0.0,501,18815.268825
0.0,501,18821.147547
0.0,501,18827.006253
0.0,501,18832.864188
0.0,501,18838.694905
0.0,501,18844.550794
0.0,501,18850.41784
0.0,501,18856.2666
0.0,501,18862.115417
0.0,501,18867.968912
0.0,501,18873.818076
0.0,501,18879.693183
0.0,501,18885.56193
0.0,501,18891.423043
0.0,501,18897.288589
0.0,501,18903.129767
0.0,501,18909.009576
0.0,501,18914.870355
0.0,501,18920.723114
0.0,501,18926.577254
0.0,501,18932.434915
0.0,501,18938.309825
0.0,501,18944.174155
0.0,501,18950.035028
0.0,501,18955.898753
0.0,501,18961.760202
0.0,501,18967.631652
0.0,501,18973.501974
0.0,501,18979.361924
0.0,501,18985.218896
0.0,501,18991.077475
0.0,501,18996.944884
0.0,501,19002.79957
0.0,501,19008.655143
0.0,501,19014.527725
0.0,501,19020.3864
0.0,501,19026.280348
0.0,501,19032.129455
0.0,501,19037.983039
0.0,501,19043.837761
0.0,501,19049.687466
0.0,501,19055.555173
0.0,501,19061.414883
0.0,501,19067.266249
0.0,501,19073.118502
0.0,501,19078.975014
0.0,501,19084.849128
0.0,501,19090.711281
0.0,501,19096.55911
0.0,501,19102.431257
0.0,501,19108.29359
0.0,501,19114.549958
0.0,501,19120.402865
0.0,501,19126.265536
0.0,501,19132.118708
0.0,501,19137.982383
0.0,501,19143.863066
0.0,501,19149.744967
0.0,501,19155.586838
0.0,501,19161.464549
0.0,501,19167.334916
0.0,501,19173.216686
0.0,501,19179.080403
0.0,501,19184.94215
0.0,501,19190.810132
0.0,501,19196.671409
0.0,501,19202.54749
0.0,501,19208.408524
0.0,501,19214.265952
0.0,501,19220.108382
0.0,501,19225.977805
0.0,501,19231.861056
0.0,501,19237.723816
0.0,501,19243.580393
0.0,501,19249.445978
0.0,501,19255.305548
0.0,501,19261.178534
0.0,501,19267.038181
0.0,501,19272.890123
0.0,501,19278.751079
0.0,501,19284.587532
0.0,501,19290.466511
0.0,501,19296.334153
0.0,501,19302.204895
0.0,501,19308.07584
0.0,501,19313.96958
0.0,501,19319.862442
0.0,501,19325.726432
0.0,501,19331.580373
0.0,501,19337.444304
0.0,501,19343.31065
0.0,501,19349.187088
0.0,501,19355.053525
0.0,501,19360.91926
0.0,501,19366.788734
0.0,501,19372.653287
0.0,501,19378.544549
0.0,501,19384.415851
0.0,501,19390.30847
0.0,501,19396.181906
0.0,501,19402.057969
0.0,501,19407.942583
0.0,501,19413.81482
0.0,501,19419.679142
0.0,501,19425.539088
0.0,501,19431.40663
0.0,501,19437.311784
0.0,501,19443.184732
0.0,501,19449.049228
0.0,501,19454.912538
0.0,501,19460.782114
0.0,501,19466.661437
