#{"t_start": 1541113706.2164657, "env_id": "MicropolisEnv-v0"}
r,l,t
0.0,501,6.538903
0.0,501,11.767743
0.0,501,16.965563
0.0,501,22.236376
0.0,501,27.621747
0.0,501,33.001522
0.0,501,38.32722
0.0,501,43.562895
0.0,501,48.755133
5.25,501,54.037941
0.0,501,59.269593
0.0,501,64.497558
0.0,501,69.693167
0.0,501,74.951529
0.0,501,80.20109
0.0,501,85.460495
0.0,501,90.695855
0.0,501,95.946447
0.0,501,101.215266
1.75,501,106.465787
0.0,501,111.743762
0.0,501,116.998972
2.25,501,122.268252
0.0,501,127.515633
0.0,501,132.840674
0.0,501,138.164183
0.0,501,143.409556
0.0,501,148.646738
4.5,501,153.918434
0.0,501,159.2821
22.25,501,164.660942
29.0,501,169.998787
23.5,501,175.379324
27.0,501,180.753724
29.75,501,186.110352
36.0,501,191.494034
32.0,501,196.86584
41.0,501,202.257908
29.5,501,207.62247
32.0,501,213.110284
38.75,501,218.601323
35.0,501,224.136048
34.0,501,229.835618
31.75,501,235.228762
32.75,501,240.992672
36.75,501,246.98899
35.0,501,254.316774
39.5,501,260.828858
34.0,501,267.401356
35.25,501,273.990553
34.25,501,280.673625
38.75,501,287.462382
3.25,501,294.229764
34.0,501,300.792464
31.0,501,307.22103
37.75,501,312.843337
31.5,501,318.328468
26.5,501,324.839403
32.75,501,331.70844
33.5,501,337.859352
36.5,501,344.041084
36.0,501,350.158244
37.5,501,356.241008
34.75,501,362.073491
41.0,501,367.530883
34.25,501,372.963767
38.0,501,378.402082
35.5,501,383.795958
37.5,501,389.190642
35.5,501,394.604949
35.25,501,399.996952
39.25,501,405.363779
30.75,501,410.731924
35.0,501,416.10791
29.75,501,421.528824
38.5,501,426.967601
34.5,501,432.357858
35.0,501,437.74276
40.0,501,443.111744
37.25,501,448.49953
36.5,501,453.923554
40.0,501,459.331139
40.0,501,464.724168
34.0,501,470.096247
38.0,501,475.530263
38.5,501,480.968768
37.5,501,486.34865
40.25,501,491.75525
46.25,501,497.162143
48.5,501,502.620626
44.25,501,508.227643
44.5,501,513.84301
50.75,501,519.391976
40.5,501,525.00354
46.5,501,530.585962
42.0,501,536.195761
46.75,501,541.641377
44.5,501,547.044912
42.75,501,552.482876
44.0,501,557.903757
31.0,501,563.348289
50.75,501,568.804953
40.0,501,574.301284
43.0,501,579.739344
49.5,501,585.134301
52.75,501,590.544419
40.0,501,595.944066
46.25,501,601.411111
46.0,501,606.983718
41.0,501,612.97071
42.75,501,618.578031
43.0,501,624.00582
40.5,501,629.370771
25.75,501,634.714569
45.0,501,640.06376
36.5,501,645.456176
39.25,501,650.824885
48.5,501,656.20016
42.25,501,661.660789
34.5,501,667.109164
44.25,501,672.517724
39.75,501,677.878527
45.0,501,683.339628
42.5,501,688.749385
36.75,501,694.119675
35.5,501,699.455486
56.25,501,704.794406
33.25,501,710.139946
46.25,501,715.505071
35.5,501,720.848884
43.0,501,726.205587
45.25,501,731.678769
36.0,501,737.204163
41.75,501,742.711523
45.75,501,748.09363
38.25,501,753.596715
35.75,501,759.010906
40.0,501,764.44629
50.25,501,769.897387
38.75,501,775.306362
39.0,501,780.756789
40.25,501,786.198151
39.0,501,791.647076
44.75,501,797.080049
37.5,501,802.527387
38.75,501,807.969172
43.75,501,813.346714
49.25,501,818.75238
41.75,501,824.127853
50.0,501,829.488527
43.5,501,834.928703
45.25,501,840.385605
39.0,501,845.844453
44.25,501,851.29336
37.0,501,856.711998
39.0,501,862.197785
42.25,501,867.697239
40.25,501,873.478219
38.5,501,879.070221
44.5,501,884.766293
40.5,501,890.162674
46.25,501,895.651701
43.5,501,901.160282
40.0,501,906.640752
36.25,501,912.04477
38.75,501,917.466974
40.75,501,922.886119
43.0,501,928.240194
42.75,501,933.630729
41.25,501,938.983833
41.0,501,944.340677
36.75,501,949.702057
39.0,501,955.180445
38.75,501,960.652572
37.0,501,966.076022
37.75,501,971.477255
43.5,501,976.871238
40.5,501,982.260752
38.75,501,987.675599
44.25,501,993.06896
50.0,501,998.533129
42.5,501,1003.991085
41.25,501,1009.46774
42.25,501,1014.975353
49.25,501,1020.351665
43.25,501,1025.735675
43.5,501,1031.083228
41.5,501,1036.427128
41.0,501,1041.772564
18.5,501,1047.123207
47.0,501,1052.568679
50.25,501,1057.950568
41.25,501,1063.345148
41.25,501,1068.742566
41.25,501,1074.136666
36.75,501,1079.601512
38.75,501,1085.058635
46.0,501,1090.548365
33.0,501,1096.02949
40.25,501,1101.514869
38.5,501,1107.160943
46.75,501,1112.658538
43.25,501,1118.30004
33.5,501,1123.796446
44.0,501,1129.328571
39.75,501,1135.011016
43.5,501,1140.465809
36.75,501,1145.981179
36.75,501,1151.341967
43.0,501,1156.905259
41.0,501,1162.60212
39.25,501,1168.355947
33.75,501,1173.945499
31.0,501,1179.673702
36.5,501,1185.423323
37.5,501,1190.773419
49.5,501,1196.138018
48.5,501,1201.495484
39.25,501,1206.873318
38.75,501,1212.297262
46.0,501,1217.772203
35.25,501,1223.209061
46.5,501,1228.70546
46.25,501,1234.138371
40.25,501,1239.574825
39.75,501,1245.139819
42.0,501,1250.646675
37.5,501,1256.143764
46.5,501,1261.616215
36.0,501,1266.992116
45.0,501,1272.520956
36.75,501,1277.97747
42.5,501,1283.391246
45.25,501,1288.87025
35.75,501,1294.297563
47.25,501,1299.768454
43.5,501,1305.164979
45.0,501,1310.582416
50.25,501,1316.097615
38.75,501,1321.519615
43.25,501,1326.976133
46.25,501,1332.398329
45.0,501,1337.853989
42.5,501,1343.225392
41.75,501,1348.6243
45.5,501,1354.009535
36.5,501,1359.374849
39.25,501,1364.736711
44.5,501,1370.130765
42.75,501,1375.558259
38.0,501,1380.962933
41.5,501,1386.37192
44.0,501,1391.878459
39.75,501,1397.447023
41.5,501,1402.806477
41.75,501,1408.207313
46.75,501,1413.601383
39.75,501,1418.993272
34.0,501,1424.418274
46.25,501,1429.82553
40.0,501,1435.297638
33.75,501,1440.719266
8.5,501,1446.19976
39.75,501,1451.59514
37.25,501,1457.045241
37.0,501,1462.498089
40.25,501,1468.027245
39.75,501,1473.474543
41.5,501,1478.860008
44.5,501,1484.39407
36.25,501,1490.014672
36.25,501,1495.56959
39.0,501,1500.981512
41.75,501,1506.379558
47.25,501,1511.777943
42.5,501,1517.194332
35.75,501,1522.571472
35.75,501,1528.017081
45.0,501,1533.44453
43.0,501,1538.874988
43.0,501,1544.300112
34.25,501,1549.663169
34.25,501,1555.05287
43.0,501,1560.447226
44.25,501,1565.90789
40.5,501,1571.369256
37.75,501,1577.196516
38.5,501,1583.154979
36.0,501,1589.167011
41.5,501,1595.14824
42.75,501,1600.701888
33.25,501,1606.172117
43.25,501,1611.567423
40.75,501,1616.951244
46.25,501,1622.359549
44.25,501,1627.788864
41.75,501,1633.178849
36.5,501,1638.502016
36.0,501,1643.860106
39.75,501,1649.190791
55.0,501,1654.524442
41.25,501,1659.860448
55.5,501,1665.220469
40.75,501,1670.577394
41.25,501,1675.925728
46.25,501,1681.311366
44.75,501,1686.652559
52.75,501,1692.012857
42.75,501,1697.364383
41.0,501,1702.73084
47.5,501,1708.09636
41.25,501,1713.474957
39.75,501,1718.8462
38.25,501,1724.223084
42.0,501,1729.583409
36.75,501,1734.960352
45.5,501,1740.33357
52.0,501,1745.688206
45.25,501,1751.055819
42.25,501,1756.434175
43.0,501,1761.806617
42.25,501,1767.164148
46.5,501,1772.553077
43.0,501,1777.907444
50.5,501,1783.289446
40.0,501,1788.665802
39.5,501,1794.006639
45.5,501,1799.346461
44.0,501,1804.694216
47.75,501,1810.063787
38.0,501,1815.436367
42.5,501,1820.779559
41.5,501,1826.134463
39.75,501,1831.461321
37.25,501,1836.796112
43.25,501,1842.163211
45.0,501,1847.543541
43.5,501,1852.902811
40.0,501,1858.250553
43.75,501,1863.601945
43.75,501,1868.969368
36.0,501,1874.303318
28.75,501,1879.61483
35.0,501,1884.930291
42.25,501,1890.263698
43.0,501,1895.633473
45.75,501,1901.053726
41.0,501,1906.420708
40.25,501,1911.801306
50.25,501,1917.174174
44.75,501,1922.531404
42.5,501,1927.902656
42.0,501,1933.337887
43.5,501,1938.861483
40.75,501,1944.341697
45.5,501,1949.699635
44.0,501,1955.05037
36.5,501,1960.423393
46.0,501,1965.781921
41.0,501,1971.105463
44.25,501,1976.450634
46.75,501,1981.776842
43.0,501,1987.110049
40.75,501,1992.481966
43.5,501,1997.819014
43.0,501,2003.179715
29.5,501,2008.524091
35.0,501,2013.860798
50.25,501,2019.224548
43.25,501,2024.593147
45.75,501,2029.951381
40.75,501,2035.291596
49.25,501,2040.640451
43.75,501,2045.974502
48.25,501,2051.374659
38.5,501,2056.762962
44.0,501,2062.127153
45.75,501,2067.488005
49.0,501,2072.839203
44.25,501,2078.197549
35.75,501,2083.570343
43.5,501,2088.870526
45.5,501,2094.178652
42.0,501,2099.504416
44.25,501,2104.845145
51.75,501,2110.255847
60.0,501,2115.602049
41.0,501,2120.930149
48.75,501,2126.284991
44.75,501,2131.618408
38.0,501,2136.977278
40.75,501,2142.333257
41.75,501,2147.681054
37.75,501,2153.028378
42.0,501,2158.363933
75.5,501,2163.708527
47.0,501,2169.064779
47.0,501,2174.399099
43.0,501,2179.747946
47.25,501,2185.099473
47.25,501,2190.479431
72.5,501,2195.873389
38.75,501,2201.247988
37.75,501,2206.587809
46.25,501,2211.918992
44.5,501,2217.270074
39.0,501,2222.611477
45.0,501,2227.951438
40.5,501,2233.299772
42.75,501,2238.632301
44.5,501,2243.981338
90.0,501,2249.349834
66.75,501,2254.738677
126.0,501,2260.11299
63.75,501,2265.479266
48.5,501,2270.827694
45.25,501,2276.178641
41.75,501,2281.516288
47.5,501,2286.935588
52.0,501,2292.38499
47.75,501,2297.778181
65.5,501,2303.231243
66.0,501,2308.661848
45.0,501,2314.149817
47.5,501,2319.629187
42.25,501,2325.115078
45.25,501,2330.464314
41.75,501,2335.808221
48.0,501,2341.16841
38.75,501,2346.545516
40.75,501,2351.882398
38.75,501,2357.209764
39.0,501,2362.528996
38.25,501,2367.986128
45.75,501,2373.603508
39.5,501,2379.019883
42.75,501,2384.438702
52.0,501,2389.824488
51.5,501,2395.361464
49.25,501,2400.7177
53.0,501,2406.129907
45.0,501,2411.526357
35.5,501,2416.899784
42.75,501,2422.249212
36.75,501,2427.587973
43.25,501,2433.005846
45.25,501,2438.397049
50.5,501,2443.797719
45.0,501,2449.170184
52.5,501,2454.529012
44.5,501,2459.92858
45.0,501,2465.342217
40.75,501,2470.718336
38.75,501,2476.074941
41.0,501,2481.423981
44.25,501,2486.796143
45.75,501,2492.191097
43.75,501,2497.567277
38.25,501,2502.971277
40.25,501,2508.335385
43.5,501,2513.728484
48.0,501,2519.100058
47.25,501,2524.612778
43.5,501,2530.011592
39.5,501,2535.486504
45.75,501,2541.020102
44.0,501,2547.02559
43.75,501,2553.336477
41.5,501,2562.312832
41.5,501,2568.536676
39.0,501,2577.453491
45.75,501,2583.668096
40.5,501,2592.544555
48.5,501,2598.780906
44.25,501,2607.610986
39.25,501,2613.873703
55.5,501,2622.73955
40.25,501,2629.08395
48.75,501,2636.448456
43.5,501,2641.854048
43.75,501,2647.265128
48.25,501,2652.643519
41.5,501,2658.017939
40.0,501,2663.385916
46.25,501,2668.805953
34.0,501,2674.212343
45.0,501,2679.603749
44.75,501,2684.974084
40.0,501,2690.33656
46.25,501,2695.750544
43.0,501,2701.135896
47.75,501,2706.511292
51.0,501,2711.887694
44.75,501,2717.268164
46.5,501,2722.651992
49.5,501,2728.080781
51.5,501,2733.465458
43.5,501,2738.851379
42.5,501,2744.200042
31.25,501,2749.565073
42.0,501,2754.982063
37.75,501,2760.34136
44.25,501,2765.718648
44.25,501,2771.087849
47.0,501,2776.457674
42.5,501,2781.975002
41.5,501,2787.341198
37.25,501,2792.725583
44.75,501,2798.088936
44.0,501,2803.474506
40.25,501,2808.880179
41.0,501,2814.275824
40.5,501,2819.620885
39.25,501,2824.996726
45.75,501,2830.365535
43.25,501,2835.751909
48.75,501,2841.139125
40.25,501,2846.521607
35.0,501,2851.899614
47.75,501,2857.266063
38.75,501,2862.661693
46.25,501,2868.077824
36.75,501,2873.476086
23.75,501,2878.849545
45.5,501,2884.258854
44.25,501,2889.68096
39.75,501,2895.057457
42.0,501,2900.462129
45.75,501,2905.835576
47.5,501,2911.248365
38.5,501,2916.640936
60.25,501,2922.04249
45.75,501,2927.462303
39.75,501,2932.932293
46.0,501,2938.435043
43.5,501,2943.870329
45.5,501,2949.258561
50.25,501,2954.633576
43.75,501,2960.053432
41.75,501,2965.435328
39.0,501,2970.8295
50.75,501,2976.246785
45.25,501,2981.655897
44.75,501,2987.099581
39.0,501,2992.518558
42.5,501,2997.969176
31.0,501,3003.413008
46.75,501,3008.835153
44.75,501,3014.252217
47.0,501,3019.663236
42.0,501,3025.076751
49.0,501,3030.464623
43.25,501,3035.865658
39.0,501,3041.250062
42.25,501,3046.649674
42.25,501,3052.061126
44.25,501,3057.458834
43.0,501,3062.898183
37.75,501,3068.308792
43.25,501,3073.735112
39.0,501,3079.196733
41.0,501,3084.62223
41.5,501,3090.045026
40.25,501,3095.470585
41.0,501,3100.897866
44.5,501,3106.365374
43.25,501,3111.793599
21.75,501,3117.23329
45.25,501,3122.653178
43.75,501,3128.045523
36.0,501,3133.457473
38.25,501,3138.875511
40.25,501,3144.28216
36.75,501,3149.68683
37.25,501,3155.072008
44.25,501,3160.47177
35.75,501,3165.894274
47.25,501,3171.277067
3.75,501,3176.654301
38.0,501,3182.037675
42.25,501,3187.431682
39.0,501,3192.827988
41.0,501,3198.204978
40.5,501,3203.614046
49.75,501,3209.015425
47.75,501,3214.436779
37.75,501,3219.854204
39.0,501,3225.335525
39.75,501,3230.714579
38.0,501,3236.106184
41.0,501,3241.544484
38.25,501,3246.958246
37.25,501,3252.340905
35.25,501,3257.733133
45.0,501,3263.120464
42.25,501,3268.524164
45.25,501,3273.949163
42.5,501,3279.363669
37.25,501,3284.777545
46.0,501,3290.215642
35.0,501,3295.601445
41.0,501,3300.979219
38.0,501,3306.370364
44.0,501,3311.755106
38.75,501,3317.136173
33.0,501,3322.537739
37.75,501,3327.926283
40.75,501,3333.317351
39.75,501,3338.7101
48.25,501,3344.119008
44.5,501,3349.522953
38.0,501,3354.913926
34.0,501,3360.295211
44.25,501,3365.678298
43.0,501,3371.089003
35.5,501,3376.492253
41.0,501,3381.882813
38.0,501,3387.274861
41.5,501,3392.673917
36.5,501,3398.066642
40.0,501,3403.477707
36.5,501,3408.894998
41.25,501,3414.301073
38.0,501,3419.836624
30.75,501,3425.429866
41.0,501,3430.94907
42.5,501,3436.420007
7.0,501,3441.86322
40.0,501,3447.440929
31.75,501,3452.901004
39.25,501,3458.398228
34.25,501,3463.836355
36.75,501,3469.296952
33.25,501,3474.728941
42.5,501,3480.130038
43.25,501,3485.537671
44.0,501,3490.956108
41.25,501,3496.364336
35.25,501,3501.757479
41.25,501,3507.205598
44.0,501,3512.626529
38.75,501,3518.167838
36.0,501,3523.631867
37.75,501,3529.085907
44.75,501,3534.575636
36.0,501,3540.038814
42.0,501,3545.492996
43.5,501,3551.345447
32.25,501,3557.052192
47.25,501,3562.685483
37.0,501,3568.146994
39.75,501,3573.584885
37.5,501,3579.008424
41.75,501,3584.409196
44.25,501,3589.823138
42.0,501,3595.249537
46.75,501,3600.655951
35.25,501,3606.048607
44.0,501,3611.478527
37.0,501,3616.905309
37.25,501,3622.362833
35.75,501,3627.784627
42.5,501,3633.230657
44.75,501,3638.654485
48.25,501,3644.079555
39.5,501,3649.507337
37.0,501,3654.888449
31.5,501,3660.271327
39.25,501,3665.654135
40.5,501,3671.099633
41.75,501,3676.53682
41.0,501,3681.932191
36.0,501,3687.372029
35.0,501,3692.776849
44.25,501,3698.166212
40.25,501,3703.584624
38.0,501,3708.999919
36.0,501,3714.406578
40.5,501,3719.804364
42.25,501,3725.205978
42.5,501,3730.669859
38.5,501,3736.096365
39.0,501,3741.512181
45.25,501,3746.919668
45.0,501,3752.31154
41.0,501,3757.73137
34.5,501,3763.125629
39.25,501,3768.551001
35.5,501,3773.93496
40.75,501,3779.362551
37.75,501,3784.766581
38.25,501,3790.19475
47.75,501,3795.620378
40.5,501,3801.036299
46.0,501,3806.458684
34.25,501,3811.895056
34.5,501,3817.300146
43.0,501,3822.722949
44.75,501,3828.143478
41.0,501,3833.548395
44.5,501,3838.973932
40.5,501,3844.415492
42.5,501,3849.843291
44.25,501,3855.29438
37.75,501,3860.703018
35.75,501,3866.292104
43.75,501,3871.913169
43.0,501,3877.460433
43.25,501,3883.121673
34.0,501,3888.601554
37.5,501,3894.02479
40.0,501,3899.455608
38.25,501,3904.86146
46.0,501,3910.269437
42.75,501,3915.732573
51.25,501,3921.167143
46.25,501,3926.604859
39.25,501,3932.028273
37.0,501,3937.503524
32.5,501,3942.900399
40.0,501,3948.334456
36.75,501,3953.736963
42.75,501,3959.143258
46.25,501,3964.562313
41.75,501,3969.994222
44.75,501,3975.452328
53.0,501,3980.861258
39.75,501,3986.283485
39.0,501,3991.688313
44.25,501,3997.214388
41.5,501,4002.653106
39.0,501,4008.09523
38.75,501,4013.503572
47.0,501,4018.914578
43.25,501,4024.325491
45.75,501,4029.78583
47.75,501,4035.240157
36.75,501,4040.676351
43.25,501,4046.099305
57.25,501,4051.513318
43.25,501,4056.943319
45.0,501,4062.360478
40.25,501,4067.781578
36.25,501,4073.201354
44.0,501,4078.627673
24.75,501,4084.052224
59.75,501,4089.506642
57.25,501,4094.94085
46.0,501,4100.36674
41.75,501,4105.8071
79.25,501,4111.250438
60.5,501,4116.673563
40.75,501,4122.106781
128.5,501,4127.554049
160.0,501,4133.012113
200.5,501,4138.545274
163.25,501,4144.007803
266.25,501,4149.563216
219.5,501,4155.105561
237.75,501,4160.59182
177.75,501,4166.142094
176.5,501,4171.683673
168.25,501,4177.221227
138.0,501,4182.86978
136.0,501,4188.439837
172.5,501,4193.952068
130.0,501,4199.437367
124.0,501,4204.874879
128.0,501,4210.311459
114.0,501,4215.754406
176.0,501,4221.243813
123.5,501,4226.66591
202.75,501,4232.126454
191.0,501,4237.766991
153.5,501,4243.347925
151.25,501,4249.607755
61.0,501,4258.712113
182.25,501,4266.80513
102.0,501,4274.5392
204.5,501,4283.639321
224.0,501,4292.785294
212.0,501,4300.227993
169.25,501,4308.769881
262.75,501,4317.952492
117.25,501,4326.461568
148.0,501,4333.660604
202.75,501,4341.894434
178.75,501,4350.75563
218.25,501,4358.515465
227.0,501,4367.153244
214.25,501,4376.49735
134.75,501,4385.83616
152.0,501,4392.369058
148.5,501,4401.39881
212.0,501,4410.851045
227.0,501,4418.455135
251.5,501,4426.98382
233.75,501,4436.209804
175.0,501,4442.848072
231.0,501,4452.130208
208.0,501,4459.928738
205.25,501,4468.009991
157.25,501,4477.083397
218.5,501,4486.441078
252.0,501,4494.433785
242.5,501,4502.788399
174.25,501,4511.70959
189.25,501,4520.345987
202.5,501,4526.350923
219.25,501,4532.014113
244.0,501,4537.613858
200.0,501,4543.193255
184.25,501,4548.697435
127.75,501,4554.222163
157.5,501,4559.699078
204.75,501,4565.28356
206.0,501,4570.802497
112.5,501,4576.320733
119.25,501,4581.743002
117.0,501,4587.235631
100.0,501,4593.612092
66.0,501,4602.687501
185.25,501,4609.104425
186.25,501,4615.435581
183.5,501,4621.977564
224.75,501,4628.469489
178.5,501,4635.141434
79.75,501,4641.574555
54.75,501,4650.332518
123.5,501,4657.023543
153.75,501,4665.63547
136.5,501,4672.335626
209.75,501,4681.57515
230.5,501,4689.608566
162.0,501,4697.405245
239.0,501,4705.001471
243.5,501,4713.290863
252.75,501,4722.526222
195.5,501,4729.434866
211.75,501,4738.292429
151.5,501,4747.556924
166.0,501,4754.9543
209.5,501,4764.231335
211.5,501,4772.184374
143.0,501,4780.874635
150.0,501,4790.316434
247.0,501,4798.465454
161.0,501,4806.017461
134.0,501,4813.310305
166.75,501,4820.933413
215.0,501,4828.845906
177.5,501,4836.563813
166.25,501,4844.351483
207.0,501,4852.011967
232.25,501,4859.711324
242.5,501,4867.362707
228.0,501,4875.04958
222.0,501,4882.526104
70.0,501,4890.092265
208.75,501,4897.692072
237.75,501,4905.32764
232.0,501,4913.053042
188.0,501,4918.974566
196.0,501,4925.636126
209.0,501,4934.827125
255.5,501,4944.253898
230.75,501,4950.004546
217.5,501,4955.633031
294.0,501,4961.221802
232.5,501,4966.798871
196.25,501,4972.401851
258.25,501,4977.998168
218.25,501,4983.513141
237.5,501,4989.01799
212.75,501,4994.609941
193.0,501,5000.192487
198.5,501,5006.586129
124.0,501,5015.75947
204.0,501,5024.147195
250.75,501,5030.473873
243.5,501,5036.268171
234.0,501,5043.110501
229.75,501,5049.84982
220.0,501,5057.448579
175.0,501,5065.326902
162.0,501,5072.099774
110.75,501,5078.836113
31.5,501,5085.43799
163.5,501,5092.090483
236.0,501,5099.135265
196.0,501,5107.62956
174.5,501,5114.313347
218.5,501,5120.390086
222.75,501,5125.87765
221.0,501,5131.33807
142.0,501,5136.991223
198.0,501,5142.610307
150.0,501,5148.127312
217.5,501,5153.722463
208.5,501,5159.284848
209.0,501,5164.964576
211.5,501,5170.509588
182.5,501,5176.225375
198.5,501,5182.857904
195.75,501,5192.053924
206.0,501,5198.665366
134.25,501,5207.861659
107.25,501,5216.167204
159.0,501,5223.957608
216.0,501,5232.661383
163.0,501,5238.235874
162.75,501,5243.829054
224.5,501,5249.430402
206.25,501,5255.065304
184.75,501,5260.629466
166.5,501,5266.216491
170.5,501,5271.74816
140.5,501,5277.343488
84.0,501,5282.853354
140.5,501,5288.335475
92.0,501,5293.90985
66.0,501,5299.431772
132.0,501,5304.963241
126.0,501,5310.452599
16.0,501,5315.968527
124.75,501,5321.480827
216.0,501,5327.008913
209.75,501,5332.522714
245.25,501,5338.06292
196.25,501,5343.61343
187.5,501,5349.189987
268.75,501,5354.779448
228.0,501,5360.347648
258.0,501,5365.959971
253.5,501,5371.501871
240.0,501,5377.109171
225.5,501,5382.726561
198.75,501,5388.350137
228.75,501,5393.883369
50.75,501,5399.277108
182.25,501,5404.81082
190.0,501,5410.363272
82.0,501,5415.888755
60.0,501,5421.42249
194.25,501,5427.040666
238.25,501,5432.59321
120.0,501,5438.141008
214.0,501,5443.648273
56.25,501,5449.209499
288.5,501,5454.740752
255.0,501,5460.32299
259.0,501,5465.858961
226.5,501,5471.407106
207.0,501,5476.954541
163.5,501,5482.508116
162.0,501,5488.131709
118.0,501,5493.546439
116.0,501,5499.06254
174.5,501,5504.554692
192.0,501,5510.043789
122.0,501,5515.548183
128.0,501,5521.015237
42.75,501,5526.434476
154.75,501,5531.955457
120.0,501,5537.62501
126.0,501,5543.437646
216.0,501,5549.043349
146.0,501,5554.497941
169.0,501,5560.011693
200.75,501,5565.551171
100.0,501,5571.059231
207.5,501,5576.669975
228.0,501,5582.239781
179.0,501,5587.878606
207.25,501,5593.481814
222.75,501,5599.029596
199.5,501,5604.549318
230.75,501,5610.084636
211.75,501,5615.600034
196.75,501,5621.136829
142.0,501,5626.686316
150.0,501,5632.140601
198.0,501,5637.565042
200.25,501,5643.043347
232.5,501,5648.534065
276.0,501,5654.074494
198.0,501,5659.538394
184.25,501,5664.986854
178.0,501,5670.451097
154.0,501,5676.004478
164.5,501,5681.416651
96.0,501,5686.853468
138.0,501,5692.265985
168.0,501,5697.704219
214.0,501,5703.119443
100.0,501,5708.55242
211.5,501,5714.001855
145.75,501,5719.419061
106.0,501,5724.77699
138.0,501,5730.242677
164.0,501,5735.709353
189.0,501,5741.092836
122.75,501,5746.52149
164.0,501,5752.017796
203.5,501,5757.523082
174.25,501,5763.169456
208.0,501,5768.655072
91.5,501,5774.090709
113.25,501,5779.467212
156.75,501,5784.962145
210.0,501,5790.488346
212.0,501,5796.027866
231.25,501,5801.561783
42.0,501,5807.103728
225.75,501,5812.65287
198.5,501,5818.261044
214.0,501,5823.731944
131.5,501,5829.245628
224.0,501,5834.782693
198.0,501,5840.287908
161.25,501,5845.800256
213.0,501,5851.398949
158.0,501,5856.933456
153.0,501,5862.441062
222.75,501,5867.980002
198.0,501,5873.491317
228.0,501,5878.915333
72.0,501,5884.43791
170.0,501,5889.933982
220.0,501,5895.419462
250.0,501,5900.940958
200.0,501,5906.363463
129.75,501,5911.747405
126.0,501,5917.202705
174.0,501,5922.687628
215.5,501,5928.17756
180.0,501,5933.655624
176.0,501,5939.117592
192.25,501,5944.582386
230.0,501,5950.047807
225.25,501,5955.489269
82.0,501,5960.888212
204.0,501,5966.304054
194.0,501,5971.770475
202.75,501,5977.288537
141.5,501,5982.81537
200.25,501,5988.320694
232.25,501,5993.824992
116.25,501,5999.265945
210.0,501,6004.724042
221.0,501,6010.37638
196.0,501,6015.828244
196.5,501,6021.300019
197.5,501,6026.694103
218.0,501,6032.126494
155.5,501,6037.653319
228.25,501,6043.181269
167.0,501,6048.72085
192.75,501,6054.300742
201.25,501,6059.786922
226.25,501,6065.35841
222.5,501,6070.911839
138.75,501,6076.46875
32.0,501,6081.918568
66.0,501,6087.41496
132.0,501,6092.953235
210.75,501,6098.500747
162.5,501,6103.995932
165.25,501,6109.546462
214.0,501,6115.095726
204.0,501,6120.662909
92.0,501,6126.203983
121.25,501,6131.727731
124.0,501,6137.154719
133.75,501,6142.58961
70.0,501,6148.02519
121.25,501,6153.402369
94.0,501,6158.785548
34.0,501,6164.243874
180.75,501,6169.875176
194.0,501,6175.498266
21.5,501,6181.030745
109.75,501,6186.602183
36.75,501,6192.150279
163.5,501,6198.426878
166.0,501,6205.013975
191.0,501,6211.631155
192.75,501,6218.273273
186.0,501,6224.869426
149.75,501,6231.370722
122.0,501,6237.874492
158.5,501,6244.14203
162.0,501,6250.521323
124.0,501,6256.752487
30.5,501,6262.969642
223.5,501,6269.385812
233.0,501,6274.99477
208.0,501,6280.518442
235.25,501,6286.0912
150.0,501,6291.597818
235.5,501,6297.125379
214.75,501,6302.714843
177.5,501,6308.347876
140.75,501,6313.864959
142.0,501,6319.75365
58.0,501,6326.43332
113.25,501,6334.756372
162.25,501,6341.463185
212.0,501,6348.172758
161.5,501,6354.963845
150.0,501,6364.955505
134.0,501,6371.670164
134.75,501,6378.392795
159.25,501,6385.148824
153.25,501,6394.334394
156.75,501,6401.512897
178.0,501,6412.071365
116.5,501,6420.014207
145.75,501,6426.923631
165.75,501,6436.979959
180.25,501,6444.090509
205.0,501,6449.72719
210.5,501,6455.296248
199.0,501,6460.861943
163.0,501,6466.520493
135.5,501,6472.755564
122.25,501,6478.931394
134.5,501,6484.753976
135.25,501,6490.548396
144.25,501,6496.22505
76.0,501,6501.921283
183.75,501,6507.651417
155.5,501,6513.403085
189.75,501,6519.161346
139.5,501,6525.270889
200.25,501,6531.289406
78.0,501,6537.238563
156.25,501,6543.201795
172.75,501,6549.097152
122.75,501,6554.991052
132.5,501,6560.862781
166.75,501,6567.066847
152.5,501,6573.190442
167.75,501,6579.087281
64.0,501,6584.866098
121.0,501,6590.706691
142.25,501,6596.527924
150.0,501,6602.341669
135.5,501,6608.197465
146.0,501,6614.09282
122.0,501,6620.078526
154.0,501,6626.081695
256.0,501,6632.167398
216.0,501,6638.339036
187.25,501,6644.048844
206.0,501,6649.671673
225.75,501,6655.703611
224.5,501,6661.575698
171.25,501,6667.401769
150.5,501,6673.219958
130.0,501,6679.074681
142.0,501,6684.8668
146.0,501,6690.565976
82.0,501,6696.306899
180.5,501,6702.073606
168.75,501,6707.832055
185.25,501,6713.849524
240.0,501,6719.663388
268.25,501,6725.545404
234.0,501,6731.373087
197.75,501,6737.221511
178.75,501,6743.077155
178.0,501,6748.991708
126.0,501,6754.848756
205.0,501,6761.202218
234.0,501,6767.514983
191.75,501,6773.602795
122.75,501,6779.569763
153.75,501,6785.43115
144.0,501,6791.215695
164.0,501,6797.154928
250.0,501,6803.133438
22.0,501,6809.104302
185.5,501,6815.134983
220.0,501,6821.159714
143.75,501,6827.063834
124.5,501,6832.932562
154.5,501,6838.787746
211.75,501,6844.680386
198.25,501,6850.67324
222.0,501,6856.718829
84.0,501,6862.648939
199.0,501,6868.688624
229.0,501,6874.746779
168.5,501,6880.801543
192.75,501,6886.851021
240.25,501,6892.923874
228.0,501,6898.902377
152.5,501,6904.921636
92.0,501,6910.819309
126.5,501,6916.696362
114.0,501,6922.555177
132.0,501,6928.436027
142.25,501,6934.445818
179.25,501,6940.354943
82.0,501,6946.278434
147.0,501,6952.202181
170.25,501,6958.120041
184.5,501,6964.124309
230.0,501,6970.096111
273.25,501,6976.112595
198.25,501,6982.109626
201.0,501,6988.11634
183.0,501,6994.078202
175.0,501,7000.095951
106.25,501,7006.045013
234.0,501,7012.036148
253.0,501,7018.352952
165.0,501,7025.373094
194.0,501,7032.320266
217.75,501,7039.013848
182.0,501,7045.808588
59.0,501,7052.486563
64.0,501,7059.078964
31.75,501,7065.700779
113.25,501,7072.639184
186.0,501,7079.321458
202.5,501,7086.320974
176.75,501,7093.443469
164.75,501,7100.181521
168.0,501,7106.871746
112.5,501,7113.391611
122.25,501,7119.844941
103.25,501,7126.304548
94.5,501,7132.769909
219.75,501,7139.379097
181.25,501,7146.091186
206.75,501,7152.851217
160.25,501,7159.656488
177.25,501,7166.497266
208.0,501,7173.302987
158.0,501,7180.005672
115.75,501,7186.496993
24.75,501,7192.981179
156.75,501,7199.338777
108.5,501,7206.088358
132.75,501,7215.478842
105.75,501,7224.976263
177.5,501,7232.571862
209.5,501,7241.139175
142.25,501,7250.444396
144.0,501,7259.762435
74.0,501,7268.559538
134.0,501,7277.293782
198.75,501,7285.906102
169.75,501,7291.895541
210.0,501,7297.771669
138.0,501,7303.534029
111.0,501,7309.359237
126.0,501,7315.201976
206.0,501,7321.27654
223.25,501,7327.687801
214.75,501,7334.205277
204.25,501,7340.384589
167.75,501,7346.394913
163.5,501,7352.449113
212.0,501,7358.530501
168.0,501,7364.509923
113.0,501,7370.377847
212.75,501,7376.351591
48.0,501,7382.204302
192.5,501,7388.165455
119.5,501,7394.034988
150.5,501,7399.915261
158.5,501,7405.837196
234.5,501,7411.845701
219.0,501,7417.841884
208.0,501,7423.855697
179.25,501,7429.795807
145.5,501,7435.665188
107.25,501,7441.571336
147.75,501,7447.41685
124.0,501,7453.270008
227.25,501,7459.240377
233.0,501,7465.225301
127.25,501,7471.161294
129.0,501,7477.104773
150.0,501,7482.963632
198.0,501,7488.953445
150.75,501,7494.854853
239.5,501,7500.847367
174.5,501,7506.840072
217.5,501,7512.874546
214.75,501,7518.914227
207.0,501,7524.894181
211.75,501,7530.938242
244.0,501,7537.01506
224.75,501,7543.037237
112.0,501,7548.897749
117.0,501,7554.692042
166.0,501,7560.530552
30.0,501,7566.379407
104.0,501,7572.516865
102.0,501,7578.462768
202.25,501,7584.574963
109.0,501,7590.637427
138.5,501,7596.717529
232.0,501,7602.871727
241.75,501,7609.001847
146.0,501,7615.312966
190.5,501,7621.116366
148.0,501,7626.7726
164.0,501,7632.438791
212.0,501,7638.28986
182.5,501,7643.9804
242.0,501,7649.903861
167.75,501,7655.71004
174.0,501,7661.598871
212.0,501,7667.247099
148.0,501,7672.862411
44.75,501,7678.629463
156.0,501,7685.002298
148.0,501,7690.928571
54.0,501,7696.681101
152.75,501,7703.267495
162.0,501,7709.688993
182.0,501,7715.769822
213.0,501,7723.967034
141.75,501,7732.565188
150.0,501,7738.740002
124.0,501,7744.370288
72.0,501,7749.924887
148.0,501,7755.468484
21.0,501,7761.19124
214.75,501,7766.844098
127.0,501,7772.543823
177.0,501,7778.172611
144.25,501,7783.836948
159.5,501,7789.603285
214.0,501,7795.750118
204.75,501,7801.744237
187.75,501,7807.967037
193.5,501,7813.972898
249.25,501,7819.950496
177.25,501,7825.984499
216.0,501,7832.000712
243.25,501,7838.143995
138.0,501,7844.147291
153.75,501,7850.045486
153.25,501,7855.983186
160.25,501,7861.861652
189.75,501,7867.770364
141.75,501,7873.643065
179.25,501,7879.600405
217.25,501,7885.493934
156.25,501,7891.444976
160.75,501,7897.324637
140.0,501,7903.273824
189.0,501,7909.216655
142.0,501,7915.192785
219.5,501,7921.198886
207.25,501,7927.113836
265.5,501,7933.077122
215.25,501,7938.974732
240.25,501,7944.8276
177.75,501,7950.570839
191.25,501,7956.466456
223.5,501,7962.408123
136.75,501,7968.346543
218.0,501,7974.224884
241.5,501,7980.149528
223.0,501,7986.060812
179.5,501,7991.902592
218.0,501,7997.763905
174.5,501,8003.612871
233.0,501,8009.510334
228.75,501,8015.449248
238.0,501,8021.340106
163.75,501,8027.226565
50.75,501,8033.126604
174.0,501,8039.516605
100.5,501,8045.61355
152.0,501,8051.645164
198.0,501,8057.821478
215.5,501,8063.717088
256.5,501,8069.502677
243.75,501,8075.746871
215.0,501,8081.672747
168.25,501,8087.834894
147.5,501,8093.830499
225.0,501,8099.793989
227.75,501,8106.015687
192.75,501,8112.309954
18.0,501,8118.402914
184.5,501,8124.0936
168.75,501,8129.838173
152.5,501,8135.730715
149.75,501,8141.868439
175.0,501,8147.918738
215.5,501,8154.223576
12.0,501,8160.371573
195.75,501,8166.446487
223.5,501,8172.447842
238.0,501,8178.74188
170.25,501,8185.187661
141.5,501,8191.616246
159.75,501,8198.035052
134.0,501,8204.141187
88.0,501,8210.247187
170.5,501,8216.278326
136.0,501,8222.423302
186.0,501,8228.430632
196.75,501,8234.546867
210.75,501,8240.674007
221.5,501,8246.806767
198.0,501,8253.009519
210.0,501,8259.300906
160.25,501,8266.481116
166.75,501,8273.346928
183.75,501,8280.301284
205.75,501,8286.628322
193.5,501,8292.775429
83.5,501,8299.355034
129.25,501,8308.47392
106.25,501,8316.531374
204.25,501,8326.507535
122.0,501,8336.333323
163.0,501,8344.933875
147.0,501,8353.391777
129.25,501,8362.919398
138.0,501,8372.119238
123.75,501,8379.280461
124.0,501,8388.329878
102.5,501,8399.272326
184.25,501,8409.200127
161.5,501,8421.232675
224.5,501,8431.721426
228.25,501,8438.58867
227.75,501,8444.609573
154.25,501,8450.596961
159.75,501,8456.843913
181.5,501,8464.234499
131.0,501,8472.377787
256.0,501,8479.688183
70.0,501,8489.016514
226.0,501,8498.632164
178.75,501,8506.183871
209.5,501,8517.002878
224.25,501,8524.749368
205.5,501,8531.774161
226.0,501,8542.691917
221.5,501,8549.811934
234.0,501,8556.737605
212.0,501,8563.82418
230.0,501,8573.635901
132.25,501,8581.4805
123.75,501,8588.382657
60.0,501,8596.094248
149.5,501,8606.153092
137.75,501,8613.322502
190.5,501,8620.512242
161.75,501,8629.366557
229.75,501,8638.030687
179.75,501,8645.459939
160.75,501,8652.485309
158.75,501,8660.821625
170.25,501,8666.572989
179.0,501,8672.241836
192.25,501,8677.88167
152.0,501,8683.596066
157.25,501,8689.38178
80.0,501,8695.830887
158.25,501,8703.328912
165.25,501,8712.654705
154.75,501,8718.780145
167.0,501,8724.531193
153.0,501,8730.390092
167.75,501,8736.141666
70.0,501,8742.22463
147.75,501,8747.899494
170.5,501,8753.485958
143.0,501,8759.138752
78.0,501,8764.704375
84.75,501,8770.335382
117.25,501,8775.959886
161.75,501,8781.582767
153.25,501,8787.136278
155.25,501,8792.727568
176.75,501,8798.372592
182.0,501,8803.969582
154.0,501,8809.553374
148.5,501,8815.100407
68.0,501,8820.716435
12.0,501,8826.30886
130.0,501,8831.922612
162.5,501,8837.622505
190.25,501,8843.476051
126.25,501,8849.119826
122.75,501,8854.728104
131.0,501,8860.258215
191.75,501,8865.836344
125.25,501,8871.331023
40.0,501,8876.829214
148.75,501,8882.386588
149.75,501,8887.946875
124.5,501,8893.737936
111.5,501,8899.290904
150.75,501,8904.839855
125.75,501,8910.44721
96.25,501,8916.012483
128.25,501,8921.609967
130.0,501,8927.134546
143.25,501,8932.64716
91.0,501,8938.091921
93.0,501,8943.534591
95.75,501,8949.044625
120.75,501,8954.611547
105.0,501,8960.221895
140.0,501,8965.788526
162.75,501,8971.359946
146.0,501,8976.881852
80.0,501,8982.380398
46.5,501,8987.819861
38.0,501,8993.250926
160.0,501,8998.744637
122.5,501,9004.359926
137.25,501,9009.910296
120.25,501,9015.383559
90.75,501,9020.951921
164.25,501,9026.462727
160.25,501,9032.050703
185.0,501,9037.656841
108.0,501,9043.206987
89.75,501,9048.730594
141.75,501,9054.257396
116.0,501,9059.766448
131.0,501,9065.238902
104.0,501,9070.721568
46.0,501,9076.168664
146.25,501,9081.745118
167.25,501,9087.33166
147.5,501,9092.922768
92.0,501,9098.466422
109.5,501,9104.059056
147.5,501,9109.618934
103.75,501,9115.166678
118.25,501,9120.701832
165.5,501,9126.272074
132.0,501,9131.852006
184.0,501,9137.663371
175.5,501,9144.542091
141.0,501,9152.327691
168.75,501,9162.526069
144.0,501,9168.104135
173.75,501,9173.684729
153.5,501,9179.254336
132.0,501,9184.805197
144.0,501,9190.363335
87.0,501,9195.872391
126.75,501,9201.370205
96.0,501,9206.914412
142.75,501,9212.501889
16.25,501,9218.059978
142.75,501,9223.572366
18.0,501,9229.076508
160.0,501,9234.695731
151.75,501,9240.273525
171.25,501,9245.844518
100.0,501,9251.419202
92.0,501,9256.951951
139.25,501,9262.524848
135.25,501,9268.076982
144.25,501,9273.646618
171.5,501,9279.212972
162.5,501,9284.817648
129.75,501,9290.405348
130.0,501,9295.996228
124.75,501,9301.560331
166.5,501,9307.175703
151.0,501,9312.765335
109.5,501,9318.52249
138.5,501,9324.310408
159.25,501,9329.900805
92.75,501,9335.454177
174.0,501,9341.011185
171.5,501,9346.65538
95.0,501,9352.227487
149.5,501,9357.830917
154.0,501,9363.41932
144.5,501,9369.003549
145.25,501,9374.603379
138.0,501,9380.171014
163.25,501,9385.748105
170.5,501,9391.309276
113.25,501,9396.858204
70.0,501,9402.334751
20.0,501,9407.765744
143.0,501,9413.287682
116.25,501,9418.878319
106.25,501,9424.376132
86.25,501,9429.922312
130.0,501,9435.469867
152.5,501,9441.079861
170.75,501,9446.727515
186.75,501,9452.338714
158.75,501,9457.984941
149.0,501,9463.597776
150.0,501,9469.228916
163.5,501,9474.864477
162.0,501,9480.517857
138.5,501,9486.155727
136.0,501,9491.726709
156.0,501,9497.313616
159.75,501,9502.963446
153.0,501,9508.605898
177.25,501,9514.279375
132.0,501,9519.863324
140.0,501,9525.476925
86.0,501,9531.130066
140.5,501,9536.742056
146.0,501,9542.374864
120.75,501,9547.998187
160.5,501,9553.664114
228.75,501,9559.283245
155.25,501,9564.902238
171.75,501,9570.51028
166.75,501,9576.285784
182.0,501,9583.074959
132.75,501,9590.531141
168.0,501,9599.353366
173.5,501,9605.306857
167.25,501,9611.79025
189.75,501,9617.561867
147.75,501,9623.224561
175.0,501,9628.913538
90.0,501,9634.508507
162.5,501,9640.158388
159.25,501,9645.787807
152.0,501,9651.436635
129.0,501,9657.047786
174.0,501,9662.695782
66.0,501,9668.255161
76.0,501,9673.822447
10.0,501,9679.258017
8.0,501,9684.68457
9.0,501,9690.143756
8.75,501,9695.585673
10.25,501,9701.044408
10.0,501,9706.47578
16.0,501,9711.922081
14.0,501,9717.387967
16.0,501,9722.868134
22.0,501,9728.351719
7.0,501,9733.779325
8.0,501,9739.174052
2.0,501,9744.660875
6.0,501,9750.136114
4.0,501,9755.663028
48.5,501,9761.219509
10.5,501,9766.744466
108.75,501,9772.427766
106.0,501,9777.97172
138.0,501,9783.560807
